region,state,date,case_day,cases,death_day,deaths,day,%var_case_day,%var_death_day,avg7_cases,avg7_deaths,perc_death,avg7_perc_death
Norte,RO,2020-03-20,1,1,0,0,1,0.0,0.0,0.0,0.0,0.0,0.0
Norte,RO,2020-03-21,0,1,0,0,2,0.0,0.0,0.0,0.0,0.0,0.0
Norte,RO,2020-03-22,2,3,0,0,3,0.0,0.0,0.0,0.0,0.0,0.0
Norte,RO,2020-03-23,0,3,0,0,4,-100.0,0.0,0.0,0.0,0.0,0.0
Norte,RO,2020-03-24,0,3,0,0,5,0.0,0.0,0.0,0.0,0.0,0.0
Norte,RO,2020-03-25,2,5,0,0,6,0.0,0.0,0.0,0.0,0.0,0.0
Norte,RO,2020-03-26,0,5,0,0,7,-100.0,0.0,0.0,0.0,0.0,0.0
Norte,RO,2020-03-27,1,6,0,0,8,0.0,0.0,0.0,0.0,0.0,0.0
Norte,RO,2020-03-28,0,6,0,0,9,-100.0,0.0,0.0,0.0,0.0,0.0
Norte,RO,2020-03-29,0,6,0,0,10,0.0,0.0,0.0,0.0,0.0,0.0
Norte,RO,2020-03-30,0,6,0,0,11,0.0,0.0,0.0,0.0,0.0,0.0
Norte,RO,2020-03-31,2,8,1,1,12,0.0,0.0,0.0,0.0,12.5,1.79
Norte,RO,2020-04-01,1,9,0,1,13,-50.0,-100.0,0.0,0.0,11.11,3.37
Norte,RO,2020-04-02,1,10,0,1,14,0.0,0.0,0.0,0.0,10.0,4.8
Norte,RO,2020-04-03,0,10,0,1,15,-100.0,0.0,0.0,0.0,10.0,6.23
Norte,RO,2020-04-04,1,11,0,1,16,0.0,0.0,0.0,0.0,9.09,7.53
Norte,RO,2020-04-05,1,12,0,1,17,0.0,0.0,0.0,0.0,8.33,8.72
Norte,RO,2020-04-06,2,14,0,1,18,100.0,0.0,1.0,0.0,7.14,9.74
Norte,RO,2020-04-07,4,18,0,1,19,100.0,0.0,1.0,0.0,5.56,8.75
Norte,RO,2020-04-08,0,18,0,1,20,-100.0,0.0,1.0,0.0,5.56,7.95
Norte,RO,2020-04-09,10,28,1,2,21,0.0,0.0,2.0,0.0,7.14,7.55
Norte,RO,2020-04-10,4,32,0,2,22,-60.0,-100.0,3.0,0.0,6.25,7.01
Norte,RO,2020-04-11,1,33,0,2,23,-75.0,0.0,3.0,0.0,6.06,6.58
Norte,RO,2020-04-12,2,35,0,2,24,100.0,0.0,3.0,0.0,5.71,6.2
Norte,RO,2020-04-13,7,42,0,2,25,250.0,0.0,4.0,0.0,4.76,5.86
Norte,RO,2020-04-14,22,64,0,2,26,214.29,0.0,6.0,0.0,3.12,5.51
Norte,RO,2020-04-15,5,69,0,2,27,-77.27,0.0,7.0,0.0,2.9,5.13
Norte,RO,2020-04-16,7,76,1,3,28,40.0,0.0,6.0,0.0,3.95,4.68
Norte,RO,2020-04-17,16,92,0,3,29,128.57,-100.0,8.0,0.0,3.26,4.25
Norte,RO,2020-04-18,18,110,0,3,30,12.5,0.0,11.0,0.0,2.73,3.78
Norte,RO,2020-04-19,18,128,1,4,31,0.0,0.0,13.0,0.0,3.12,3.41
Norte,RO,2020-04-20,32,160,0,4,32,77.78,-100.0,16.0,0.0,2.5,3.08
Norte,RO,2020-04-21,39,199,0,4,33,21.88,0.0,19.0,0.0,2.01,2.92
Norte,RO,2020-04-22,24,223,1,5,34,-38.46,0.0,22.0,0.0,2.24,2.83
Norte,RO,2020-04-23,27,250,0,5,35,12.5,-100.0,24.0,0.0,2.0,2.55
Norte,RO,2020-04-24,40,290,0,5,36,48.15,0.0,28.0,0.0,1.72,2.33
Norte,RO,2020-04-25,38,328,2,7,37,-5.0,0.0,31.0,0.0,2.13,2.25
Norte,RO,2020-04-26,36,364,3,10,38,-5.26,50.0,33.0,0.0,2.75,2.19
Norte,RO,2020-04-27,29,393,0,10,39,-19.44,-100.0,33.0,0.0,2.54,2.2
Norte,RO,2020-04-28,20,413,1,11,40,-31.03,0.0,30.0,1.0,2.66,2.29
Norte,RO,2020-04-29,20,433,4,15,41,0.0,300.0,30.0,1.0,3.46,2.47
Norte,RO,2020-04-30,69,502,1,16,42,245.0,-75.0,36.0,1.0,3.19,2.64
Norte,RO,2020-05-01,83,585,2,18,43,20.29,100.0,42.0,1.0,3.08,2.83
Norte,RO,2020-05-02,68,653,5,23,44,-18.07,150.0,46.0,2.0,3.52,3.03
Norte,AC,2020-03-19,3,3,0,0,1,0.0,0.0,0.0,0.0,0.0,0.0
Norte,AC,2020-03-20,4,7,0,0,2,0.0,0.0,0.0,0.0,0.0,0.0
Norte,AC,2020-03-21,2,9,0,0,3,-50.0,0.0,0.0,0.0,0.0,0.0
Norte,AC,2020-03-22,2,11,0,0,4,0.0,0.0,0.0,0.0,0.0,0.0
Norte,AC,2020-03-23,0,11,0,0,5,-100.0,0.0,0.0,0.0,0.0,0.0
Norte,AC,2020-03-24,6,17,0,0,6,0.0,0.0,0.0,0.0,0.0,0.0
Norte,AC,2020-03-25,6,23,0,0,7,0.0,0.0,3.0,0.0,0.0,0.0
Norte,AC,2020-03-26,1,24,0,0,8,-83.33,0.0,3.0,0.0,0.0,0.0
Norte,AC,2020-03-27,1,25,0,0,9,0.0,0.0,2.0,0.0,0.0,0.0
Norte,AC,2020-03-28,0,25,0,0,10,-100.0,0.0,2.0,0.0,0.0,0.0
Norte,AC,2020-03-29,9,34,0,0,11,0.0,0.0,3.0,0.0,0.0,0.0
Norte,AC,2020-03-30,8,42,0,0,12,-11.11,0.0,4.0,0.0,0.0,0.0
Norte,AC,2020-03-31,0,42,0,0,13,-100.0,0.0,3.0,0.0,0.0,0.0
Norte,AC,2020-04-01,1,43,0,0,14,0.0,0.0,2.0,0.0,0.0,0.0
Norte,AC,2020-04-02,0,43,0,0,15,-100.0,0.0,2.0,0.0,0.0,0.0
Norte,AC,2020-04-03,3,46,0,0,16,0.0,0.0,3.0,0.0,0.0,0.0
Norte,AC,2020-04-04,0,46,0,0,17,-100.0,0.0,3.0,0.0,0.0,0.0
Norte,AC,2020-04-05,2,48,0,0,18,0.0,0.0,2.0,0.0,0.0,0.0
Norte,AC,2020-04-06,2,50,0,0,19,0.0,0.0,1.0,0.0,0.0,0.0
Norte,AC,2020-04-07,0,50,1,1,20,-100.0,0.0,1.0,0.0,2.0,0.29
Norte,AC,2020-04-08,4,54,1,2,21,0.0,0.0,1.0,0.0,3.7,0.81
Norte,AC,2020-04-09,8,62,0,2,22,100.0,-100.0,2.0,0.0,3.23,1.28
Norte,AC,2020-04-10,8,70,0,2,23,0.0,0.0,3.0,0.0,2.86,1.68
Norte,AC,2020-04-11,2,72,0,2,24,-75.0,0.0,3.0,0.0,2.78,2.08
Norte,AC,2020-04-12,5,77,0,2,25,150.0,0.0,4.0,0.0,2.6,2.45
Norte,AC,2020-04-13,13,90,1,3,26,160.0,0.0,5.0,0.0,3.33,2.93
Norte,AC,2020-04-14,9,99,0,3,27,-30.77,-100.0,7.0,0.0,3.03,3.08
Norte,AC,2020-04-15,2,101,0,3,28,-77.78,0.0,6.0,0.0,2.97,2.97
Norte,AC,2020-04-16,9,110,2,5,29,350.0,0.0,6.0,0.0,4.55,3.16
Norte,AC,2020-04-17,25,135,0,5,30,177.78,-100.0,9.0,0.0,3.7,3.28
Norte,AC,2020-04-18,7,142,0,5,31,-72.0,0.0,10.0,0.0,3.52,3.39
Norte,AC,2020-04-19,21,163,1,6,32,200.0,0.0,12.0,0.0,3.68,3.54
Norte,AC,2020-04-20,13,176,2,8,33,-38.1,100.0,12.0,0.0,4.55,3.71
Norte,AC,2020-04-21,19,195,0,8,34,46.15,-100.0,13.0,0.0,4.1,3.87
Norte,AC,2020-04-22,19,214,0,8,35,0.0,0.0,16.0,0.0,3.74,3.98
Norte,AC,2020-04-23,13,227,2,10,36,-31.58,0.0,16.0,0.0,4.41,3.96
Norte,AC,2020-04-24,7,234,1,11,37,-46.15,-50.0,14.0,0.0,4.7,4.1
Norte,AC,2020-04-25,24,258,0,11,38,242.86,-100.0,16.0,0.0,4.26,4.21
Norte,AC,2020-04-26,21,279,0,11,39,-12.5,0.0,16.0,0.0,3.94,4.24
Norte,AC,2020-04-27,0,279,3,14,40,-100.0,0.0,14.0,0.0,5.02,4.31
Norte,AC,2020-04-28,32,311,2,16,41,0.0,-33.33,16.0,1.0,5.14,4.46
Norte,AC,2020-04-29,43,354,1,17,42,34.38,-50.0,20.0,1.0,4.8,4.61
Norte,AC,2020-04-30,50,404,2,19,43,16.28,100.0,25.0,1.0,4.7,4.65
Norte,AC,2020-05-01,82,486,0,19,44,64.0,-100.0,36.0,1.0,3.91,4.54
Norte,AC,2020-05-02,67,553,3,22,45,-18.29,0.0,42.0,1.0,3.98,4.5
Norte,AM,2020-03-15,1,1,0,0,1,0.0,0.0,0.0,0.0,0.0,0.0
Norte,AM,2020-03-16,0,1,0,0,2,0.0,0.0,0.0,0.0,0.0,0.0
Norte,AM,2020-03-17,0,1,0,0,3,0.0,0.0,0.0,0.0,0.0,0.0
Norte,AM,2020-03-18,0,1,0,0,4,0.0,0.0,0.0,0.0,0.0,0.0
Norte,AM,2020-03-19,2,3,0,0,5,0.0,0.0,0.0,0.0,0.0,0.0
Norte,AM,2020-03-20,0,3,0,0,6,-100.0,0.0,0.0,0.0,0.0,0.0
Norte,AM,2020-03-21,8,11,0,0,7,0.0,0.0,1.0,0.0,0.0,0.0
Norte,AM,2020-03-22,15,26,0,0,8,87.5,0.0,3.0,0.0,0.0,0.0
Norte,AM,2020-03-23,6,32,0,0,9,-60.0,0.0,4.0,0.0,0.0,0.0
Norte,AM,2020-03-24,15,47,0,0,10,150.0,0.0,6.0,0.0,0.0,0.0
Norte,AM,2020-03-25,7,54,1,1,11,-53.33,0.0,7.0,0.0,1.85,0.26
Norte,AM,2020-03-26,13,67,0,1,12,85.71,-100.0,9.0,0.0,1.49,0.48
Norte,AM,2020-03-27,14,81,0,1,13,7.69,0.0,11.0,0.0,1.23,0.65
Norte,AM,2020-03-28,30,111,0,1,14,114.29,0.0,14.0,0.0,0.9,0.78
Norte,AM,2020-03-29,29,140,0,1,15,-3.33,0.0,16.0,0.0,0.71,0.88
Norte,AM,2020-03-30,11,151,0,1,16,-62.07,0.0,17.0,0.0,0.66,0.98
Norte,AM,2020-03-31,24,175,2,3,17,118.18,0.0,18.0,0.0,1.71,1.22
Norte,AM,2020-04-01,25,200,0,3,18,4.17,-100.0,20.0,0.0,1.5,1.17
Norte,AM,2020-04-02,29,229,0,3,19,16.0,0.0,23.0,0.0,1.31,1.15
Norte,AM,2020-04-03,31,260,4,7,20,6.9,0.0,25.0,0.0,2.69,1.35
Norte,AM,2020-04-04,51,311,5,12,21,64.52,25.0,28.0,1.0,3.86,1.78
Norte,AM,2020-04-05,106,417,2,14,22,107.84,-60.0,39.0,1.0,3.36,2.16
Norte,AM,2020-04-06,115,532,5,19,23,8.49,150.0,54.0,2.0,3.57,2.57
Norte,AM,2020-04-07,104,636,4,23,24,-9.57,-20.0,65.0,2.0,3.62,2.84
Norte,AM,2020-04-08,168,804,7,30,25,61.54,75.0,86.0,3.0,3.73,3.16
Norte,AM,2020-04-09,95,899,10,40,26,-43.45,42.86,95.0,5.0,4.45,3.61
Norte,AM,2020-04-10,82,981,10,50,27,-13.68,0.0,103.0,6.0,5.1,3.96
Norte,AM,2020-04-11,69,1050,3,53,28,-15.85,-70.0,105.0,5.0,5.05,4.13
Norte,AM,2020-04-12,156,1206,9,62,29,126.09,200.0,112.0,6.0,5.14,4.38
Norte,AM,2020-04-13,69,1275,9,71,30,-55.77,0.0,106.0,7.0,5.57,4.67
Norte,AM,2020-04-14,209,1484,19,90,31,202.9,111.11,121.0,9.0,6.06,5.01
Norte,AM,2020-04-15,70,1554,16,106,32,-66.51,-15.79,107.0,10.0,6.82,5.46
Norte,AM,2020-04-16,165,1719,18,124,33,135.71,12.5,117.0,12.0,7.21,5.85
Norte,AM,2020-04-17,90,1809,21,145,34,-45.45,16.67,118.0,13.0,8.02,6.27
Norte,AM,2020-04-18,88,1897,16,161,35,-2.22,-23.81,121.0,15.0,8.49,6.76
Norte,AM,2020-04-19,147,2044,21,182,36,67.05,31.25,119.0,17.0,8.9,7.3
Norte,AM,2020-04-20,116,2160,3,185,37,-21.09,-85.71,126.0,16.0,8.56,7.72
Norte,AM,2020-04-21,110,2270,8,193,38,-5.17,166.67,112.0,14.0,8.5,8.07
Norte,AM,2020-04-22,209,2479,14,207,39,90.0,75.0,132.0,14.0,8.35,8.29
Norte,AM,2020-04-23,409,2888,27,234,40,95.69,92.86,167.0,15.0,8.1,8.42
Norte,AM,2020-04-24,306,3194,21,255,41,-25.18,-22.22,197.0,15.0,7.98,8.41
Norte,AM,2020-04-25,441,3635,32,287,42,44.12,52.38,248.0,18.0,7.9,8.33
Norte,AM,2020-04-26,198,3833,17,304,43,-55.1,-46.88,255.0,17.0,7.93,8.19
Norte,AM,2020-04-27,95,3928,16,320,44,-52.02,-5.88,252.0,19.0,8.15,8.13
Norte,AM,2020-04-28,409,4337,31,351,45,330.53,93.75,295.0,22.0,8.09,8.07
Norte,AM,2020-04-29,464,4801,29,380,46,13.45,-6.45,331.0,24.0,7.92,8.01
Norte,AM,2020-04-30,453,5254,45,425,47,-2.37,55.17,338.0,27.0,8.09,8.01
Norte,AM,2020-05-01,469,5723,51,476,48,3.53,13.33,361.0,31.0,8.32,8.06
Norte,AM,2020-05-02,339,6062,25,501,49,-27.72,-50.98,346.0,30.0,8.26,8.11
Norte,RR,2020-03-22,2,2,0,0,1,0.0,0.0,0.0,0.0,0.0,0.0
Norte,RR,2020-03-23,0,2,0,0,2,0.0,0.0,0.0,0.0,0.0,0.0
Norte,RR,2020-03-24,0,2,0,0,3,0.0,0.0,0.0,0.0,0.0,0.0
Norte,RR,2020-03-25,6,8,0,0,4,0.0,0.0,0.0,0.0,0.0,0.0
Norte,RR,2020-03-26,0,8,0,0,5,-100.0,0.0,0.0,0.0,0.0,0.0
Norte,RR,2020-03-27,2,10,0,0,6,0.0,0.0,0.0,0.0,0.0,0.0
Norte,RR,2020-03-28,2,12,0,0,7,0.0,0.0,1.0,0.0,0.0,0.0
Norte,RR,2020-03-29,4,16,0,0,8,100.0,0.0,2.0,0.0,0.0,0.0
Norte,RR,2020-03-30,0,16,0,0,9,-100.0,0.0,2.0,0.0,0.0,0.0
Norte,RR,2020-03-31,0,16,0,0,10,0.0,0.0,2.0,0.0,0.0,0.0
Norte,RR,2020-04-01,6,22,0,0,11,0.0,0.0,2.0,0.0,0.0,0.0
Norte,RR,2020-04-02,4,26,0,0,12,-33.33,0.0,2.0,0.0,0.0,0.0
Norte,RR,2020-04-03,4,30,0,0,13,0.0,0.0,2.0,0.0,0.0,0.0
Norte,RR,2020-04-04,7,37,1,1,14,75.0,0.0,3.0,0.0,2.7,0.39
Norte,RR,2020-04-05,5,42,0,1,15,-28.57,-100.0,3.0,0.0,2.38,0.73
Norte,RR,2020-04-06,0,42,0,1,16,-100.0,0.0,3.0,0.0,2.38,1.07
Norte,RR,2020-04-07,0,42,0,1,17,0.0,0.0,3.0,0.0,2.38,1.41
Norte,RR,2020-04-08,7,49,0,1,18,0.0,0.0,3.0,0.0,2.04,1.7
Norte,RR,2020-04-09,3,52,0,1,19,-57.14,0.0,3.0,0.0,1.92,1.97
Norte,RR,2020-04-10,11,63,2,3,20,266.67,0.0,4.0,0.0,4.76,2.65
Norte,RR,2020-04-11,12,75,0,3,21,9.09,-100.0,5.0,0.0,4.0,2.84
Norte,RR,2020-04-12,4,79,0,3,22,-66.67,0.0,5.0,0.0,3.8,3.04
Norte,RR,2020-04-13,4,83,0,3,23,0.0,0.0,5.0,0.0,3.61,3.22
Norte,RR,2020-04-14,30,113,0,3,24,650.0,0.0,10.0,0.0,2.65,3.25
Norte,RR,2020-04-15,1,114,0,3,25,-96.67,0.0,9.0,0.0,2.63,3.34
Norte,RR,2020-04-16,28,142,0,3,26,2700.0,0.0,12.0,0.0,2.11,3.37
Norte,RR,2020-04-17,22,164,0,3,27,-21.43,0.0,14.0,0.0,1.83,2.95
Norte,RR,2020-04-18,37,201,0,3,28,68.18,0.0,18.0,0.0,1.49,2.59
Norte,RR,2020-04-19,21,222,0,3,29,-43.24,0.0,20.0,0.0,1.35,2.24
Norte,RR,2020-04-20,22,244,0,3,30,4.76,0.0,23.0,0.0,1.23,1.9
Norte,RR,2020-04-21,3,247,0,3,31,-86.36,0.0,19.0,0.0,1.21,1.69
Norte,RR,2020-04-22,33,280,0,3,32,1000.0,0.0,23.0,0.0,1.07,1.47
Norte,RR,2020-04-23,17,297,0,3,33,-48.48,0.0,22.0,0.0,1.01,1.31
Norte,RR,2020-04-24,7,304,0,3,34,-58.82,0.0,20.0,0.0,0.99,1.19
Norte,RR,2020-04-25,41,345,0,3,35,485.71,0.0,20.0,0.0,0.87,1.1
Norte,RR,2020-04-26,56,401,1,4,36,36.59,0.0,25.0,0.0,1.0,1.05
Norte,RR,2020-04-27,6,407,0,4,37,-89.29,-100.0,23.0,0.0,0.98,1.02
Norte,RR,2020-04-28,18,425,2,6,38,200.0,0.0,25.0,0.0,1.41,1.05
Norte,RR,2020-04-29,27,452,0,6,39,50.0,-100.0,24.0,0.0,1.33,1.08
Norte,RR,2020-04-30,67,519,1,7,40,148.15,0.0,31.0,0.0,1.35,1.13
Norte,RR,2020-05-01,83,602,1,8,41,23.88,0.0,42.0,0.0,1.33,1.18
Norte,RR,2020-05-02,66,668,1,9,42,-20.48,0.0,46.0,0.0,1.35,1.25
Norte,PA,2020-03-19,1,1,0,0,1,0.0,0.0,0.0,0.0,0.0,0.0
Norte,PA,2020-03-20,1,2,0,0,2,0.0,0.0,0.0,0.0,0.0,0.0
Norte,PA,2020-03-21,0,2,0,0,3,-100.0,0.0,0.0,0.0,0.0,0.0
Norte,PA,2020-03-22,2,4,0,0,4,0.0,0.0,0.0,0.0,0.0,0.0
Norte,PA,2020-03-23,1,5,0,0,5,-50.0,0.0,0.0,0.0,0.0,0.0
Norte,PA,2020-03-24,0,5,0,0,6,-100.0,0.0,0.0,0.0,0.0,0.0
Norte,PA,2020-03-25,2,7,0,0,7,0.0,0.0,1.0,0.0,0.0,0.0
Norte,PA,2020-03-26,6,13,0,0,8,200.0,0.0,1.0,0.0,0.0,0.0
Norte,PA,2020-03-27,0,13,0,0,9,-100.0,0.0,1.0,0.0,0.0,0.0
Norte,PA,2020-03-28,4,17,0,0,10,0.0,0.0,2.0,0.0,0.0,0.0
Norte,PA,2020-03-29,1,18,0,0,11,-75.0,0.0,2.0,0.0,0.0,0.0
Norte,PA,2020-03-30,3,21,0,0,12,200.0,0.0,2.0,0.0,0.0,0.0
Norte,PA,2020-03-31,11,32,0,0,13,266.67,0.0,3.0,0.0,0.0,0.0
Norte,PA,2020-04-01,8,40,1,1,14,-27.27,0.0,4.0,0.0,2.5,0.36
Norte,PA,2020-04-02,6,46,0,1,15,-25.0,-100.0,4.0,0.0,2.17,0.67
Norte,PA,2020-04-03,4,50,0,1,16,-33.33,0.0,5.0,0.0,2.0,0.95
Norte,PA,2020-04-04,30,80,0,1,17,650.0,0.0,9.0,0.0,1.25,1.13
Norte,PA,2020-04-05,6,86,0,1,18,-80.0,0.0,9.0,0.0,1.16,1.3
Norte,PA,2020-04-06,16,102,2,3,19,166.67,0.0,11.0,0.0,2.94,1.72
Norte,PA,2020-04-07,36,138,2,5,20,125.0,0.0,15.0,0.0,3.62,2.23
Norte,PA,2020-04-08,29,167,1,6,21,-19.44,-50.0,18.0,0.0,3.59,2.39
Norte,PA,2020-04-09,1,168,1,7,22,-96.55,0.0,17.0,0.0,4.17,2.68
Norte,PA,2020-04-10,2,170,2,9,23,100.0,100.0,17.0,1.0,5.29,3.15
Norte,PA,2020-04-11,47,217,1,10,24,2250.0,-50.0,19.0,1.0,4.61,3.63
Norte,PA,2020-04-12,29,246,3,13,25,-38.3,200.0,22.0,1.0,5.28,4.21
Norte,PA,2020-04-13,24,270,2,15,26,-17.24,-33.33,24.0,1.0,5.56,4.59
Norte,PA,2020-04-14,53,323,4,19,27,120.83,100.0,26.0,2.0,5.88,4.91
Norte,PA,2020-04-15,61,384,2,21,28,15.09,-50.0,31.0,2.0,5.47,5.18
Norte,PA,2020-04-16,54,438,3,24,29,-11.48,50.0,38.0,2.0,5.48,5.37
Norte,PA,2020-04-17,119,557,2,26,30,120.37,-33.33,55.0,2.0,4.67,5.28
Norte,PA,2020-04-18,83,640,7,33,31,-30.25,250.0,60.0,3.0,5.16,5.36
Norte,PA,2020-04-19,45,685,1,34,32,-45.78,-85.71,62.0,3.0,4.96,5.31
Norte,PA,2020-04-20,217,902,1,35,33,382.22,0.0,90.0,2.0,3.88,5.07
Norte,PA,2020-04-21,124,1026,3,38,34,-42.86,200.0,100.0,2.0,3.7,4.76
Norte,PA,2020-04-22,169,1195,5,43,35,36.29,66.67,115.0,3.0,3.6,4.49
Norte,PA,2020-04-23,72,1267,10,53,36,-57.4,100.0,118.0,4.0,4.18,4.31
Norte,PA,2020-04-24,179,1446,22,75,37,148.61,120.0,127.0,7.0,5.19,4.38
Norte,PA,2020-04-25,133,1579,11,86,38,-25.7,-50.0,134.0,7.0,5.45,4.42
Norte,PA,2020-04-26,288,1867,14,100,39,116.54,27.27,168.0,9.0,5.36,4.48
Norte,PA,2020-04-27,261,2128,14,114,40,-9.38,0.0,175.0,11.0,5.36,4.69
Norte,PA,2020-04-28,134,2262,15,129,41,-48.66,7.14,176.0,13.0,5.7,4.98
Norte,PA,2020-04-29,160,2422,8,137,42,19.4,-46.67,175.0,13.0,5.66,5.27
Norte,PA,2020-04-30,454,2876,71,208,43,183.75,787.5,229.0,22.0,7.23,5.71
Norte,PA,2020-05-01,300,3176,27,235,44,-33.92,-61.97,247.0,22.0,7.4,6.02
Norte,PA,2020-05-02,284,3460,38,273,45,-5.33,40.74,268.0,26.0,7.89,6.37
Norte,AP,2020-03-20,1,1,0,0,1,0.0,0.0,0.0,0.0,0.0,0.0
Norte,AP,2020-03-21,0,1,0,0,2,0.0,0.0,0.0,0.0,0.0,0.0
Norte,AP,2020-03-22,0,1,0,0,3,0.0,0.0,0.0,0.0,0.0,0.0
Norte,AP,2020-03-23,0,1,0,0,4,0.0,0.0,0.0,0.0,0.0,0.0
Norte,AP,2020-03-24,0,1,0,0,5,0.0,0.0,0.0,0.0,0.0,0.0
Norte,AP,2020-03-25,0,1,0,0,6,0.0,0.0,0.0,0.0,0.0,0.0
Norte,AP,2020-03-26,1,2,0,0,7,0.0,0.0,0.0,0.0,0.0,0.0
Norte,AP,2020-03-27,0,2,0,0,8,-100.0,0.0,0.0,0.0,0.0,0.0
Norte,AP,2020-03-28,2,4,0,0,9,0.0,0.0,0.0,0.0,0.0,0.0
Norte,AP,2020-03-29,0,4,0,0,10,-100.0,0.0,0.0,0.0,0.0,0.0
Norte,AP,2020-03-30,4,8,0,0,11,0.0,0.0,1.0,0.0,0.0,0.0
Norte,AP,2020-03-31,2,10,0,0,12,-50.0,0.0,1.0,0.0,0.0,0.0
Norte,AP,2020-04-01,1,11,0,0,13,-50.0,0.0,1.0,0.0,0.0,0.0
Norte,AP,2020-04-02,0,11,0,0,14,-100.0,0.0,1.0,0.0,0.0,0.0
Norte,AP,2020-04-03,8,19,0,0,15,0.0,0.0,2.0,0.0,0.0,0.0
Norte,AP,2020-04-04,9,28,1,1,16,12.5,0.0,3.0,0.0,3.57,0.51
Norte,AP,2020-04-05,1,29,1,2,17,-88.89,0.0,3.0,0.0,6.9,1.5
Norte,AP,2020-04-06,5,34,0,2,18,400.0,-100.0,3.0,0.0,5.88,2.34
Norte,AP,2020-04-07,14,48,0,2,19,180.0,0.0,5.0,0.0,4.17,2.93
Norte,AP,2020-04-08,59,107,0,2,20,321.43,0.0,13.0,0.0,1.87,3.2
Norte,AP,2020-04-09,21,128,0,2,21,-64.41,0.0,16.0,0.0,1.56,3.42
Norte,AP,2020-04-10,38,166,0,2,22,80.95,0.0,21.0,0.0,1.2,3.59
Norte,AP,2020-04-11,27,193,1,3,23,-28.95,0.0,23.0,0.0,1.55,3.3
Norte,AP,2020-04-12,37,230,2,5,24,37.04,100.0,28.0,0.0,2.17,2.63
Norte,AP,2020-04-13,12,242,0,5,25,-67.57,-100.0,29.0,0.0,2.07,2.08
Norte,AP,2020-04-14,65,307,1,6,26,441.67,0.0,37.0,0.0,1.95,1.77
Norte,AP,2020-04-15,27,334,1,7,27,-58.46,0.0,32.0,0.0,2.1,1.8
Norte,AP,2020-04-16,28,362,2,9,28,3.7,100.0,33.0,1.0,2.49,1.93
Norte,AP,2020-04-17,8,370,1,10,29,-71.43,-50.0,29.0,1.0,2.7,2.15
Norte,AP,2020-04-18,23,393,0,10,30,187.5,-100.0,28.0,1.0,2.54,2.29
Norte,AP,2020-04-19,23,416,1,11,31,0.0,0.0,26.0,0.0,2.64,2.36
Norte,AP,2020-04-20,17,433,2,13,32,-26.09,100.0,27.0,1.0,3.0,2.49
Norte,AP,2020-04-21,24,457,0,13,33,41.18,-100.0,21.0,1.0,2.84,2.62
Norte,AP,2020-04-22,22,479,1,14,34,-8.33,0.0,20.0,1.0,2.92,2.73
Norte,AP,2020-04-23,69,548,2,16,35,213.64,100.0,26.0,1.0,2.92,2.79
Norte,AP,2020-04-24,85,633,2,18,36,23.19,0.0,37.0,1.0,2.84,2.81
Norte,AP,2020-04-25,52,685,1,19,37,-38.82,-50.0,41.0,1.0,2.77,2.85
Norte,AP,2020-04-26,113,798,2,21,38,117.31,100.0,54.0,1.0,2.63,2.85
Norte,AP,2020-04-27,44,842,5,26,39,-61.06,150.0,58.0,1.0,3.09,2.86
Norte,AP,2020-04-28,76,918,2,28,40,72.73,-60.0,65.0,2.0,3.05,2.89
Norte,AP,2020-04-29,98,1016,3,31,41,28.95,50.0,76.0,2.0,3.05,2.91
Norte,AP,2020-04-30,64,1080,3,34,42,-34.69,0.0,76.0,2.0,3.15,2.94
Norte,AP,2020-05-01,41,1121,3,37,43,-35.94,0.0,69.0,2.0,3.3,3.01
Norte,AP,2020-05-02,66,1187,3,40,44,60.98,0.0,71.0,3.0,3.37,3.09
Norte,TO,2020-03-19,1,1,0,0,1,0.0,0.0,0.0,0.0,0.0,0.0
Norte,TO,2020-03-20,0,1,0,0,2,0.0,0.0,0.0,0.0,0.0,0.0
Norte,TO,2020-03-21,1,2,0,0,3,0.0,0.0,0.0,0.0,0.0,0.0
Norte,TO,2020-03-22,0,2,0,0,4,-100.0,0.0,0.0,0.0,0.0,0.0
Norte,TO,2020-03-23,3,5,0,0,5,0.0,0.0,0.0,0.0,0.0,0.0
Norte,TO,2020-03-24,2,7,0,0,6,-33.33,0.0,0.0,0.0,0.0,0.0
Norte,TO,2020-03-25,0,7,0,0,7,-100.0,0.0,1.0,0.0,0.0,0.0
Norte,TO,2020-03-26,0,7,0,0,8,0.0,0.0,0.0,0.0,0.0,0.0
Norte,TO,2020-03-27,1,8,0,0,9,0.0,0.0,1.0,0.0,0.0,0.0
Norte,TO,2020-03-28,1,9,0,0,10,0.0,0.0,1.0,0.0,0.0,0.0
Norte,TO,2020-03-29,0,9,0,0,11,-100.0,0.0,1.0,0.0,0.0,0.0
Norte,TO,2020-03-30,1,10,0,0,12,0.0,0.0,0.0,0.0,0.0,0.0
Norte,TO,2020-03-31,1,11,0,0,13,0.0,0.0,0.0,0.0,0.0,0.0
Norte,TO,2020-04-01,1,12,0,0,14,0.0,0.0,0.0,0.0,0.0,0.0
Norte,TO,2020-04-02,0,12,0,0,15,-100.0,0.0,0.0,0.0,0.0,0.0
Norte,TO,2020-04-03,0,12,0,0,16,0.0,0.0,0.0,0.0,0.0,0.0
Norte,TO,2020-04-04,2,14,0,0,17,0.0,0.0,0.0,0.0,0.0,0.0
Norte,TO,2020-04-05,3,17,0,0,18,50.0,0.0,1.0,0.0,0.0,0.0
Norte,TO,2020-04-06,0,17,0,0,19,-100.0,0.0,1.0,0.0,0.0,0.0
Norte,TO,2020-04-07,2,19,0,0,20,0.0,0.0,1.0,0.0,0.0,0.0
Norte,TO,2020-04-08,4,23,0,0,21,100.0,0.0,1.0,0.0,0.0,0.0
Norte,TO,2020-04-09,0,23,0,0,22,-100.0,0.0,1.0,0.0,0.0,0.0
Norte,TO,2020-04-10,0,23,0,0,23,0.0,0.0,1.0,0.0,0.0,0.0
Norte,TO,2020-04-11,0,23,0,0,24,0.0,0.0,1.0,0.0,0.0,0.0
Norte,TO,2020-04-12,2,25,0,0,25,0.0,0.0,1.0,0.0,0.0,0.0
Norte,TO,2020-04-13,1,26,0,0,26,-50.0,0.0,1.0,0.0,0.0,0.0
Norte,TO,2020-04-14,0,26,0,0,27,-100.0,0.0,1.0,0.0,0.0,0.0
Norte,TO,2020-04-15,0,26,1,1,28,0.0,0.0,0.0,0.0,3.85,0.55
Norte,TO,2020-04-16,3,29,0,1,29,0.0,-100.0,0.0,0.0,3.45,1.04
Norte,TO,2020-04-17,2,31,0,1,30,-33.33,0.0,1.0,0.0,3.23,1.5
Norte,TO,2020-04-18,2,33,0,1,31,0.0,0.0,1.0,0.0,3.03,1.94
Norte,TO,2020-04-19,0,33,0,1,32,-100.0,0.0,1.0,0.0,3.03,2.37
Norte,TO,2020-04-20,1,34,0,1,33,0.0,0.0,1.0,0.0,2.94,2.79
Norte,TO,2020-04-21,3,37,0,1,34,200.0,0.0,1.0,0.0,2.7,3.18
Norte,TO,2020-04-22,0,37,0,1,35,-100.0,0.0,1.0,0.0,2.7,3.01
Norte,TO,2020-04-23,0,37,1,2,36,0.0,0.0,1.0,0.0,5.41,3.29
Norte,TO,2020-04-24,6,43,0,2,37,0.0,-100.0,1.0,0.0,4.65,3.49
Norte,TO,2020-04-25,7,50,0,2,38,16.67,0.0,2.0,0.0,4.0,3.63
Norte,TO,2020-04-26,8,58,0,2,39,14.29,0.0,3.0,0.0,3.45,3.69
Norte,TO,2020-04-27,9,67,0,2,40,12.5,0.0,4.0,0.0,2.99,3.7
Norte,TO,2020-04-28,12,79,0,2,41,33.33,0.0,6.0,0.0,2.53,3.68
Norte,TO,2020-04-29,37,116,1,3,42,208.33,0.0,11.0,0.0,2.59,3.66
Norte,TO,2020-04-30,21,137,0,3,43,-43.24,-100.0,14.0,0.0,2.19,3.2
Norte,TO,2020-05-01,27,164,0,3,44,28.57,0.0,17.0,0.0,1.83,2.8
Norte,TO,2020-05-02,27,191,1,4,45,0.0,0.0,20.0,0.0,2.09,2.52
Nordeste,MA,2020-03-21,1,1,0,0,1,0.0,0.0,0.0,0.0,0.0,0.0
Nordeste,MA,2020-03-22,1,2,0,0,2,0.0,0.0,0.0,0.0,0.0,0.0
Nordeste,MA,2020-03-23,0,2,0,0,3,-100.0,0.0,0.0,0.0,0.0,0.0
Nordeste,MA,2020-03-24,6,8,0,0,4,0.0,0.0,0.0,0.0,0.0,0.0
Nordeste,MA,2020-03-25,0,8,0,0,5,-100.0,0.0,0.0,0.0,0.0,0.0
Nordeste,MA,2020-03-26,2,10,0,0,6,0.0,0.0,0.0,0.0,0.0,0.0
Nordeste,MA,2020-03-27,3,13,0,0,7,50.0,0.0,1.0,0.0,0.0,0.0
Nordeste,MA,2020-03-28,1,14,0,0,8,-66.67,0.0,1.0,0.0,0.0,0.0
Nordeste,MA,2020-03-29,2,16,0,0,9,100.0,0.0,2.0,0.0,0.0,0.0
Nordeste,MA,2020-03-30,7,23,1,1,10,250.0,0.0,3.0,0.0,4.35,0.62
Nordeste,MA,2020-03-31,8,31,0,1,11,14.29,-100.0,3.0,0.0,3.23,1.08
Nordeste,MA,2020-04-01,21,52,0,1,12,162.5,0.0,6.0,0.0,1.92,1.36
Nordeste,MA,2020-04-02,19,71,0,1,13,-9.52,0.0,8.0,0.0,1.41,1.56
Nordeste,MA,2020-04-03,10,81,0,1,14,-47.37,0.0,9.0,0.0,1.23,1.73
Nordeste,MA,2020-04-04,7,88,0,1,15,-30.0,0.0,10.0,0.0,1.14,1.9
Nordeste,MA,2020-04-05,8,96,1,2,16,14.29,0.0,11.0,0.0,2.08,2.19
Nordeste,MA,2020-04-06,37,133,0,2,17,362.5,-100.0,15.0,0.0,1.5,1.79
Nordeste,MA,2020-04-07,39,172,2,4,18,5.41,0.0,20.0,0.0,2.33,1.66
Nordeste,MA,2020-04-08,58,230,7,11,19,48.72,250.0,25.0,1.0,4.78,2.07
Nordeste,MA,2020-04-09,43,273,1,12,20,-25.86,-85.71,28.0,1.0,4.4,2.49
Nordeste,MA,2020-04-10,20,293,4,16,21,-53.49,300.0,30.0,2.0,5.46,3.1
Nordeste,MA,2020-04-11,51,344,5,21,22,155.0,25.0,36.0,2.0,6.1,3.81
Nordeste,MA,2020-04-12,54,398,3,24,23,5.88,-40.0,43.0,3.0,6.03,4.37
Nordeste,MA,2020-04-13,47,445,3,27,24,-12.96,0.0,44.0,3.0,6.07,5.02
Nordeste,MA,2020-04-14,33,478,5,32,25,-29.79,66.67,43.0,4.0,6.69,5.65
Nordeste,MA,2020-04-15,152,630,2,34,26,360.61,-60.0,57.0,3.0,5.4,5.74
Nordeste,MA,2020-04-16,65,695,3,37,27,-57.24,50.0,60.0,3.0,5.32,5.87
Nordeste,MA,2020-04-17,102,797,3,40,28,56.92,0.0,72.0,3.0,5.02,5.8
Nordeste,MA,2020-04-18,243,1040,4,44,29,138.24,33.33,99.0,3.0,4.23,5.54
Nordeste,MA,2020-04-19,165,1205,4,48,30,-32.1,0.0,115.0,3.0,3.98,5.24
Nordeste,MA,2020-04-20,115,1320,6,54,31,-30.3,50.0,125.0,3.0,4.09,4.96
Nordeste,MA,2020-04-21,76,1396,6,60,32,-33.91,0.0,131.0,4.0,4.3,4.62
Nordeste,MA,2020-04-22,208,1604,6,66,33,173.68,0.0,139.0,4.0,4.11,4.44
Nordeste,MA,2020-04-23,153,1757,10,76,34,-26.44,66.67,151.0,5.0,4.33,4.29
Nordeste,MA,2020-04-24,194,1951,12,88,35,26.8,20.0,164.0,6.0,4.51,4.22
Nordeste,MA,2020-04-25,154,2105,12,100,36,-20.62,0.0,152.0,8.0,4.75,4.3
Nordeste,MA,2020-04-26,118,2223,12,112,37,-23.38,0.0,145.0,9.0,5.04,4.45
Nordeste,MA,2020-04-27,187,2410,13,125,38,58.47,8.33,155.0,10.0,5.19,4.6
Nordeste,MA,2020-04-28,118,2528,20,145,39,-36.9,53.85,161.0,12.0,5.74,4.81
Nordeste,MA,2020-04-29,276,2804,21,166,40,133.9,5.0,171.0,14.0,5.92,5.07
Nordeste,MA,2020-04-30,386,3190,18,184,41,39.86,-14.29,204.0,15.0,5.77,5.27
Nordeste,MA,2020-05-01,316,3506,20,204,42,-18.13,11.11,222.0,16.0,5.82,5.46
Nordeste,MA,2020-05-02,299,3805,20,224,43,-5.38,0.0,242.0,17.0,5.89,5.62
Nordeste,PI,2020-03-20,3,3,0,0,1,0.0,0.0,0.0,0.0,0.0,0.0
Nordeste,PI,2020-03-21,1,4,0,0,2,0.0,0.0,0.0,0.0,0.0,0.0
Nordeste,PI,2020-03-22,0,4,0,0,3,-100.0,0.0,0.0,0.0,0.0,0.0
Nordeste,PI,2020-03-23,2,6,0,0,4,0.0,0.0,0.0,0.0,0.0,0.0
Nordeste,PI,2020-03-24,0,6,0,0,5,-100.0,0.0,0.0,0.0,0.0,0.0
Nordeste,PI,2020-03-25,2,8,0,0,6,0.0,0.0,0.0,0.0,0.0,0.0
Nordeste,PI,2020-03-26,1,9,0,0,7,-50.0,0.0,1.0,0.0,0.0,0.0
Nordeste,PI,2020-03-27,0,9,0,0,8,-100.0,0.0,0.0,0.0,0.0,0.0
Nordeste,PI,2020-03-28,2,11,1,1,9,0.0,0.0,1.0,0.0,9.09,1.3
Nordeste,PI,2020-03-29,3,14,0,1,10,50.0,-100.0,1.0,0.0,7.14,2.32
Nordeste,PI,2020-03-30,2,16,2,3,11,-33.33,0.0,1.0,0.0,18.75,5.0
Nordeste,PI,2020-03-31,2,18,1,4,12,0.0,-50.0,1.0,0.0,22.22,8.17
Nordeste,PI,2020-04-01,0,18,0,4,13,-100.0,-100.0,1.0,0.0,22.22,11.35
Nordeste,PI,2020-04-02,1,19,0,4,14,0.0,0.0,1.0,0.0,21.05,14.35
Nordeste,PI,2020-04-03,2,21,0,4,15,100.0,0.0,1.0,0.0,19.05,17.07
Nordeste,PI,2020-04-04,1,22,0,4,16,-50.0,0.0,1.0,0.0,18.18,18.37
Nordeste,PI,2020-04-05,1,23,0,4,17,0.0,0.0,1.0,0.0,17.39,19.84
Nordeste,PI,2020-04-06,0,23,0,4,18,-100.0,0.0,1.0,0.0,17.39,19.64
Nordeste,PI,2020-04-07,5,28,0,4,19,0.0,0.0,1.0,0.0,14.29,18.51
Nordeste,PI,2020-04-08,3,31,1,5,20,-40.0,0.0,1.0,0.0,16.13,17.64
Nordeste,PI,2020-04-09,7,38,1,6,21,133.33,0.0,2.0,0.0,15.79,16.89
Nordeste,PI,2020-04-10,2,40,1,7,22,-71.43,0.0,2.0,0.0,17.5,16.67
Nordeste,PI,2020-04-11,1,41,0,7,23,-50.0,-100.0,2.0,0.0,17.07,16.51
Nordeste,PI,2020-04-12,3,44,0,7,24,200.0,0.0,3.0,0.0,15.91,16.3
Nordeste,PI,2020-04-13,6,50,1,8,25,100.0,0.0,3.0,0.0,16.0,16.1
Nordeste,PI,2020-04-14,8,58,0,8,26,33.33,-100.0,4.0,0.0,13.79,16.03
Nordeste,PI,2020-04-15,17,75,0,8,27,112.5,0.0,6.0,0.0,10.67,15.25
Nordeste,PI,2020-04-16,16,91,0,8,28,-5.88,0.0,7.0,0.0,8.79,14.25
Nordeste,PI,2020-04-17,11,102,0,8,29,-31.25,0.0,8.0,0.0,7.84,12.87
Nordeste,PI,2020-04-18,21,123,1,9,30,90.91,0.0,11.0,0.0,7.32,11.47
Nordeste,PI,2020-04-19,22,145,1,10,31,4.76,0.0,14.0,0.0,6.9,10.19
Nordeste,PI,2020-04-20,13,158,2,12,32,-40.91,100.0,15.0,0.0,7.59,8.99
Nordeste,PI,2020-04-21,28,186,2,14,33,115.38,0.0,18.0,0.0,7.53,8.09
Nordeste,PI,2020-04-22,20,206,1,15,34,-28.57,-50.0,18.0,1.0,7.28,7.61
Nordeste,PI,2020-04-23,11,217,0,15,35,-45.0,-100.0,18.0,1.0,6.91,7.34
Nordeste,PI,2020-04-24,39,256,1,16,36,254.55,0.0,22.0,1.0,6.25,7.11
Nordeste,PI,2020-04-25,41,297,1,17,37,5.13,0.0,24.0,1.0,5.72,6.88
Nordeste,PI,2020-04-26,34,331,1,18,38,-17.07,0.0,26.0,1.0,5.44,6.67
Nordeste,PI,2020-04-27,33,364,2,20,39,-2.94,100.0,29.0,1.0,5.49,6.37
Nordeste,PI,2020-04-28,44,408,1,21,40,33.33,-50.0,31.0,1.0,5.15,6.03
Nordeste,PI,2020-04-29,46,454,3,24,41,4.55,200.0,35.0,1.0,5.29,5.75
Nordeste,PI,2020-04-30,59,513,0,24,42,28.26,-100.0,42.0,1.0,4.68,5.43
Nordeste,PI,2020-05-01,87,600,0,24,43,47.46,0.0,49.0,1.0,4.0,5.11
Nordeste,PI,2020-05-02,65,665,2,26,44,-25.29,0.0,52.0,1.0,3.91,4.85
Nordeste,CE,2020-03-17,5,5,0,0,1,0.0,0.0,0.0,0.0,0.0,0.0
Nordeste,CE,2020-03-18,4,9,0,0,2,0.0,0.0,0.0,0.0,0.0,0.0
Nordeste,CE,2020-03-19,11,20,0,0,3,175.0,0.0,0.0,0.0,0.0,0.0
Nordeste,CE,2020-03-20,35,55,0,0,4,218.18,0.0,0.0,0.0,0.0,0.0
Nordeste,CE,2020-03-21,13,68,0,0,5,-62.86,0.0,0.0,0.0,0.0,0.0
Nordeste,CE,2020-03-22,44,112,0,0,6,238.46,0.0,0.0,0.0,0.0,0.0
Nordeste,CE,2020-03-23,51,163,0,0,7,15.91,0.0,23.0,0.0,0.0,0.0
Nordeste,CE,2020-03-24,19,182,0,0,8,-62.75,0.0,25.0,0.0,0.0,0.0
Nordeste,CE,2020-03-25,18,200,0,0,9,-5.26,0.0,27.0,0.0,0.0,0.0
Nordeste,CE,2020-03-26,35,235,3,3,10,94.44,0.0,30.0,0.0,1.28,0.18
Nordeste,CE,2020-03-27,47,282,0,3,11,34.29,-100.0,32.0,0.0,1.06,0.33
Nordeste,CE,2020-03-28,32,314,1,4,12,-31.91,0.0,35.0,0.0,1.27,0.52
Nordeste,CE,2020-03-29,34,348,1,5,13,6.25,0.0,33.0,0.0,1.44,0.72
Nordeste,CE,2020-03-30,24,372,0,5,14,-29.41,-100.0,29.0,0.0,1.34,0.91
Nordeste,CE,2020-03-31,18,390,2,7,15,-25.0,0.0,29.0,1.0,1.79,1.17
Nordeste,CE,2020-04-01,54,444,1,8,16,200.0,-50.0,34.0,1.0,1.8,1.43
Nordeste,CE,2020-04-02,106,550,12,20,17,96.3,1100.0,45.0,2.0,3.64,1.76
Nordeste,CE,2020-04-03,77,627,2,22,18,-27.36,-83.33,49.0,2.0,3.51,2.11
Nordeste,CE,2020-04-04,103,730,0,22,19,33.77,-100.0,59.0,2.0,3.01,2.36
Nordeste,CE,2020-04-05,93,823,4,26,20,-9.71,0.0,67.0,3.0,3.16,2.61
Nordeste,CE,2020-04-06,190,1013,3,29,21,104.3,-25.0,91.0,3.0,2.86,2.82
Nordeste,CE,2020-04-07,38,1051,2,31,22,-80.0,-33.33,94.0,3.0,2.95,2.99
Nordeste,CE,2020-04-08,240,1291,12,43,23,531.58,500.0,121.0,5.0,3.33,3.21
Nordeste,CE,2020-04-09,134,1425,12,55,24,-44.17,0.0,125.0,5.0,3.86,3.24
Nordeste,CE,2020-04-10,53,1478,3,58,25,-60.45,-75.0,121.0,5.0,3.92,3.3
Nordeste,CE,2020-04-11,104,1582,9,67,26,96.23,200.0,121.0,6.0,4.24,3.47
Nordeste,CE,2020-04-12,94,1676,7,74,27,-9.62,-22.22,121.0,6.0,4.42,3.65
Nordeste,CE,2020-04-13,124,1800,17,91,28,31.91,142.86,112.0,8.0,5.06,3.97
Nordeste,CE,2020-04-14,205,2005,16,107,29,65.32,-5.88,136.0,10.0,5.34,4.31
Nordeste,CE,2020-04-15,152,2157,9,116,30,-25.85,-43.75,123.0,10.0,5.38,4.6
Nordeste,CE,2020-04-16,229,2386,8,124,31,50.66,-11.11,137.0,9.0,5.2,4.79
Nordeste,CE,2020-04-17,298,2684,25,149,32,30.13,212.5,172.0,13.0,5.55,5.03
Nordeste,CE,2020-04-18,350,3034,27,176,33,17.45,8.0,207.0,15.0,5.8,5.25
Nordeste,CE,2020-04-19,218,3252,10,186,34,-37.71,-62.96,225.0,16.0,5.72,5.44
Nordeste,CE,2020-04-20,230,3482,12,198,35,5.5,20.0,240.0,15.0,5.69,5.53
Nordeste,CE,2020-04-21,234,3716,17,215,36,1.74,41.67,244.0,15.0,5.79,5.59
Nordeste,CE,2020-04-22,194,3910,18,233,37,-17.09,5.88,250.0,16.0,5.96,5.67
Nordeste,CE,2020-04-23,688,4598,33,266,38,254.64,83.33,316.0,20.0,5.79,5.76
Nordeste,CE,2020-04-24,202,4800,18,284,39,-70.64,-45.45,302.0,19.0,5.92,5.81
Nordeste,CE,2020-04-25,621,5421,26,310,40,207.43,44.44,341.0,19.0,5.72,5.8
Nordeste,CE,2020-04-26,412,5833,17,327,41,-33.66,-34.62,368.0,20.0,5.61,5.78
Nordeste,CE,2020-04-27,893,6726,63,390,42,116.75,270.59,463.0,27.0,5.8,5.8
Nordeste,CE,2020-04-28,192,6918,13,403,43,-78.5,-79.37,457.0,26.0,5.83,5.8
Nordeste,CE,2020-04-29,349,7267,38,441,44,81.77,192.31,479.0,29.0,6.07,5.82
Nordeste,CE,2020-04-30,339,7606,41,482,45,-2.87,7.89,429.0,30.0,6.34,5.9
Nordeste,CE,2020-05-01,273,7879,23,505,46,-19.47,-43.9,439.0,31.0,6.41,5.97
Nordeste,CE,2020-05-02,430,8309,133,638,47,57.51,478.26,412.0,46.0,7.68,6.25
Nordeste,RN,2020-03-13,1,1,0,0,1,0.0,0.0,0.0,0.0,0.0,0.0
Nordeste,RN,2020-03-14,0,1,0,0,2,0.0,0.0,0.0,0.0,0.0,0.0
Nordeste,RN,2020-03-15,0,1,0,0,3,0.0,0.0,0.0,0.0,0.0,0.0
Nordeste,RN,2020-03-16,0,1,0,0,4,0.0,0.0,0.0,0.0,0.0,0.0
Nordeste,RN,2020-03-17,0,1,0,0,5,0.0,0.0,0.0,0.0,0.0,0.0
Nordeste,RN,2020-03-18,0,1,0,0,6,0.0,0.0,0.0,0.0,0.0,0.0
Nordeste,RN,2020-03-19,0,1,0,0,7,0.0,0.0,0.0,0.0,0.0,0.0
Nordeste,RN,2020-03-20,0,1,0,0,8,0.0,0.0,0.0,0.0,0.0,0.0
Nordeste,RN,2020-03-21,5,6,0,0,9,0.0,0.0,0.0,0.0,0.0,0.0
Nordeste,RN,2020-03-22,3,9,0,0,10,-40.0,0.0,1.0,0.0,0.0,0.0
Nordeste,RN,2020-03-23,4,13,0,0,11,33.33,0.0,1.0,0.0,0.0,0.0
Nordeste,RN,2020-03-24,0,13,0,0,12,-100.0,0.0,1.0,0.0,0.0,0.0
Nordeste,RN,2020-03-25,1,14,0,0,13,0.0,0.0,1.0,0.0,0.0,0.0
Nordeste,RN,2020-03-26,5,19,0,0,14,400.0,0.0,2.0,0.0,0.0,0.0
Nordeste,RN,2020-03-27,9,28,0,0,15,80.0,0.0,3.0,0.0,0.0,0.0
Nordeste,RN,2020-03-28,17,45,0,0,16,88.89,0.0,5.0,0.0,0.0,0.0
Nordeste,RN,2020-03-29,23,68,1,1,17,35.29,0.0,8.0,0.0,1.47,0.21
Nordeste,RN,2020-03-30,9,77,0,1,18,-60.87,-100.0,9.0,0.0,1.3,0.4
Nordeste,RN,2020-03-31,5,82,0,1,19,-44.44,0.0,9.0,0.0,1.22,0.57
Nordeste,RN,2020-04-01,10,92,1,2,20,100.0,0.0,11.0,0.0,2.17,0.88
Nordeste,RN,2020-04-02,13,105,0,2,21,30.0,-100.0,12.0,0.0,1.9,1.15
Nordeste,RN,2020-04-03,71,176,2,4,22,446.15,0.0,21.0,0.0,2.27,1.48
Nordeste,RN,2020-04-04,36,212,1,5,23,-49.3,-50.0,23.0,0.0,2.36,1.81
Nordeste,RN,2020-04-05,30,242,2,7,24,-16.67,100.0,24.0,0.0,2.89,2.02
Nordeste,RN,2020-04-06,4,246,0,7,25,-86.67,-100.0,24.0,0.0,2.85,2.24
Nordeste,RN,2020-04-07,8,254,1,8,26,100.0,0.0,24.0,1.0,3.15,2.51
Nordeste,RN,2020-04-08,7,261,3,11,27,-12.5,200.0,24.0,1.0,4.21,2.8
Nordeste,RN,2020-04-09,0,261,0,11,28,-100.0,-100.0,22.0,1.0,4.21,3.13
Nordeste,RN,2020-04-10,2,263,0,11,29,0.0,0.0,12.0,1.0,4.18,3.41
Nordeste,RN,2020-04-11,26,289,2,13,30,1200.0,0.0,11.0,1.0,4.5,3.71
Nordeste,RN,2020-04-12,13,302,2,15,31,-50.0,0.0,8.0,1.0,4.97,4.01
Nordeste,RN,2020-04-13,37,339,2,17,32,184.62,0.0,13.0,1.0,5.01,4.32
Nordeste,RN,2020-04-14,37,376,1,18,33,0.0,-50.0,17.0,1.0,4.79,4.55
Nordeste,RN,2020-04-15,23,399,1,19,34,-37.84,0.0,19.0,1.0,4.76,4.63
Nordeste,RN,2020-04-16,1,400,1,20,35,-95.65,0.0,19.0,1.0,5.0,4.74
Nordeste,RN,2020-04-17,63,463,3,23,36,6200.0,200.0,28.0,1.0,4.97,4.86
Nordeste,RN,2020-04-18,53,516,1,24,37,-15.87,-66.67,32.0,1.0,4.65,4.88
Nordeste,RN,2020-04-19,15,531,1,25,38,-71.7,0.0,32.0,1.0,4.71,4.84
Nordeste,RN,2020-04-20,64,595,2,27,39,326.67,100.0,36.0,1.0,4.54,4.77
Nordeste,RN,2020-04-21,13,608,1,28,40,-79.69,-50.0,33.0,1.0,4.61,4.75
Nordeste,RN,2020-04-22,38,646,1,29,41,192.31,0.0,35.0,1.0,4.49,4.71
Nordeste,RN,2020-04-23,62,708,5,34,42,63.16,400.0,44.0,2.0,4.8,4.68
Nordeste,RN,2020-04-24,46,754,4,38,43,-25.81,-20.0,41.0,2.0,5.04,4.69
Nordeste,RN,2020-04-25,27,781,2,40,44,-41.3,-50.0,37.0,2.0,5.12,4.76
Nordeste,RN,2020-04-26,44,825,4,44,45,62.96,100.0,42.0,2.0,5.33,4.85
Nordeste,RN,2020-04-27,7,832,1,45,46,-84.09,-75.0,33.0,2.0,5.41,4.97
Nordeste,RN,2020-04-28,25,857,3,48,47,257.14,200.0,35.0,2.0,5.6,5.11
Nordeste,RN,2020-04-29,229,1086,5,53,48,816.0,66.67,62.0,3.0,4.88,5.17
Nordeste,RN,2020-04-30,91,1177,3,56,49,-60.26,-40.0,67.0,3.0,4.76,5.16
Nordeste,RN,2020-05-01,120,1297,0,56,50,31.87,-100.0,77.0,2.0,4.32,5.06
Nordeste,RN,2020-05-02,69,1366,3,59,51,-42.5,0.0,83.0,2.0,4.32,4.95
Nordeste,PB,2020-03-19,1,1,0,0,1,0.0,0.0,0.0,0.0,0.0,0.0
Nordeste,PB,2020-03-20,0,1,0,0,2,0.0,0.0,0.0,0.0,0.0,0.0
Nordeste,PB,2020-03-21,0,1,0,0,3,0.0,0.0,0.0,0.0,0.0,0.0
Nordeste,PB,2020-03-22,0,1,0,0,4,0.0,0.0,0.0,0.0,0.0,0.0
Nordeste,PB,2020-03-23,1,2,0,0,5,0.0,0.0,0.0,0.0,0.0,0.0
Nordeste,PB,2020-03-24,1,3,0,0,6,0.0,0.0,0.0,0.0,0.0,0.0
Nordeste,PB,2020-03-25,0,3,0,0,7,-100.0,0.0,0.0,0.0,0.0,0.0
Nordeste,PB,2020-03-26,2,5,0,0,8,0.0,0.0,0.0,0.0,0.0,0.0
Nordeste,PB,2020-03-27,4,9,0,0,9,100.0,0.0,1.0,0.0,0.0,0.0
Nordeste,PB,2020-03-28,5,14,0,0,10,25.0,0.0,1.0,0.0,0.0,0.0
Nordeste,PB,2020-03-29,0,14,0,0,11,-100.0,0.0,1.0,0.0,0.0,0.0
Nordeste,PB,2020-03-30,1,15,0,0,12,0.0,0.0,1.0,0.0,0.0,0.0
Nordeste,PB,2020-03-31,2,17,0,0,13,100.0,0.0,2.0,0.0,0.0,0.0
Nordeste,PB,2020-04-01,3,20,1,1,14,50.0,0.0,2.0,0.0,5.0,0.71
Nordeste,PB,2020-04-02,1,21,0,1,15,-66.67,-100.0,2.0,0.0,4.76,1.39
Nordeste,PB,2020-04-03,8,29,0,1,16,700.0,0.0,2.0,0.0,3.45,1.89
Nordeste,PB,2020-04-04,3,32,1,2,17,-62.5,0.0,2.0,0.0,6.25,2.78
Nordeste,PB,2020-04-05,2,34,2,4,18,-33.33,100.0,2.0,0.0,11.76,4.46
Nordeste,PB,2020-04-06,1,35,0,4,19,-50.0,-100.0,2.0,0.0,11.43,6.09
Nordeste,PB,2020-04-07,1,36,0,4,20,0.0,0.0,2.0,0.0,11.11,7.68
Nordeste,PB,2020-04-08,5,41,0,4,21,400.0,0.0,3.0,0.0,9.76,8.36
Nordeste,PB,2020-04-09,14,55,3,7,22,180.0,0.0,4.0,0.0,12.73,9.5
Nordeste,PB,2020-04-10,24,79,4,11,23,71.43,33.33,7.0,1.0,13.92,10.99
Nordeste,PB,2020-04-11,6,85,0,11,24,-75.0,-100.0,7.0,1.0,12.94,11.95
Nordeste,PB,2020-04-12,16,101,2,13,25,166.67,0.0,9.0,1.0,12.87,12.11
Nordeste,PB,2020-04-13,10,111,0,13,26,-37.5,-100.0,10.0,1.0,11.71,12.15
Nordeste,PB,2020-04-14,25,136,3,16,27,150.0,0.0,14.0,1.0,11.76,12.24
Nordeste,PB,2020-04-15,15,151,5,21,28,-40.0,66.67,15.0,2.0,13.91,12.83
Nordeste,PB,2020-04-16,14,165,3,24,29,-6.67,-40.0,15.0,2.0,14.55,13.09
Nordeste,PB,2020-04-17,30,195,2,26,30,114.29,-33.33,16.0,2.0,13.33,13.01
Nordeste,PB,2020-04-18,10,205,0,26,31,-66.67,-100.0,17.0,2.0,12.68,12.97
Nordeste,PB,2020-04-19,31,236,3,29,32,210.0,0.0,19.0,2.0,12.29,12.89
Nordeste,PB,2020-04-20,9,245,3,32,33,-70.97,0.0,19.0,2.0,13.06,13.08
Nordeste,PB,2020-04-21,18,263,1,33,34,100.0,-66.67,18.0,2.0,12.55,13.2
Nordeste,PB,2020-04-22,38,301,6,39,35,111.11,500.0,21.0,2.0,12.96,13.06
Nordeste,PB,2020-04-23,44,345,1,40,36,15.79,-83.33,25.0,2.0,11.59,12.64
Nordeste,PB,2020-04-24,41,386,4,44,37,-6.82,300.0,27.0,2.0,11.4,12.36
Nordeste,PB,2020-04-25,61,447,2,46,38,48.78,-50.0,34.0,2.0,10.29,12.02
Nordeste,PB,2020-04-26,52,499,3,49,39,-14.75,50.0,37.0,2.0,9.82,11.67
Nordeste,PB,2020-04-27,44,543,1,50,40,-15.38,-66.67,42.0,2.0,9.21,11.12
Nordeste,PB,2020-04-28,90,633,3,53,41,104.55,200.0,52.0,2.0,8.37,10.52
Nordeste,PB,2020-04-29,66,699,5,58,42,-26.67,66.67,56.0,2.0,8.3,9.85
Nordeste,PB,2020-04-30,115,814,4,62,43,74.24,-20.0,67.0,3.0,7.62,9.29
Nordeste,PB,2020-05-01,112,926,5,67,44,-2.61,25.0,77.0,3.0,7.24,8.69
Nordeste,PB,2020-05-02,108,1034,7,74,45,-3.57,40.0,83.0,4.0,7.16,8.25
Nordeste,PE,2020-03-12,2,2,0,0,1,0.0,0.0,0.0,0.0,0.0,0.0
Nordeste,PE,2020-03-13,0,2,0,0,2,0.0,0.0,0.0,0.0,0.0,0.0
Nordeste,PE,2020-03-14,0,2,0,0,3,0.0,0.0,0.0,0.0,0.0,0.0
Nordeste,PE,2020-03-15,0,2,0,0,4,0.0,0.0,0.0,0.0,0.0,0.0
Nordeste,PE,2020-03-16,0,2,0,0,5,0.0,0.0,0.0,0.0,0.0,0.0
Nordeste,PE,2020-03-17,14,16,0,0,6,0.0,0.0,0.0,0.0,0.0,0.0
Nordeste,PE,2020-03-18,0,16,0,0,7,-100.0,0.0,2.0,0.0,0.0,0.0
Nordeste,PE,2020-03-19,12,28,0,0,8,0.0,0.0,3.0,0.0,0.0,0.0
Nordeste,PE,2020-03-20,2,30,0,0,9,-83.33,0.0,4.0,0.0,0.0,0.0
Nordeste,PE,2020-03-21,0,30,0,0,10,-100.0,0.0,4.0,0.0,0.0,0.0
Nordeste,PE,2020-03-22,7,37,0,0,11,0.0,0.0,5.0,0.0,0.0,0.0
Nordeste,PE,2020-03-23,5,42,0,0,12,-28.57,0.0,5.0,0.0,0.0,0.0
Nordeste,PE,2020-03-24,0,42,0,0,13,-100.0,0.0,3.0,0.0,0.0,0.0
Nordeste,PE,2020-03-25,4,46,1,1,14,0.0,0.0,4.0,0.0,2.17,0.31
Nordeste,PE,2020-03-26,2,48,2,3,15,-50.0,100.0,2.0,0.0,6.25,1.2
Nordeste,PE,2020-03-27,8,56,1,4,16,300.0,-50.0,3.0,0.0,7.14,2.22
Nordeste,PE,2020-03-28,12,68,1,5,17,50.0,0.0,5.0,0.0,7.35,3.27
Nordeste,PE,2020-03-29,5,73,0,5,18,-58.33,-100.0,5.0,0.0,6.85,4.25
Nordeste,PE,2020-03-30,5,78,1,6,19,0.0,0.0,5.0,0.0,7.69,5.35
Nordeste,PE,2020-03-31,9,87,0,6,20,80.0,-100.0,6.0,0.0,6.9,6.34
Nordeste,PE,2020-04-01,8,95,2,8,21,-11.11,0.0,7.0,1.0,8.42,7.23
Nordeste,PE,2020-04-02,11,106,1,9,22,37.5,-50.0,8.0,0.0,8.49,7.55
Nordeste,PE,2020-04-03,30,136,1,10,23,172.73,0.0,11.0,0.0,7.35,7.58
Nordeste,PE,2020-04-04,40,176,4,14,24,33.33,300.0,15.0,1.0,7.95,7.66
Nordeste,PE,2020-04-05,25,201,7,21,25,-37.5,75.0,18.0,2.0,10.45,8.18
Nordeste,PE,2020-04-06,22,223,9,30,26,-12.0,28.57,20.0,3.0,13.45,9.0
Nordeste,PE,2020-04-07,129,352,4,34,27,486.36,-55.56,37.0,4.0,9.66,9.4
Nordeste,PE,2020-04-08,49,401,12,46,28,-62.02,200.0,43.0,5.0,11.47,9.83
Nordeste,PE,2020-04-09,154,555,10,56,29,214.29,-16.67,64.0,6.0,10.09,10.06
Nordeste,PE,2020-04-10,129,684,9,65,30,-16.23,-10.0,78.0,7.0,9.5,10.37
Nordeste,PE,2020-04-11,132,816,7,72,31,2.33,-22.22,91.0,8.0,8.82,10.49
Nordeste,PE,2020-04-12,144,960,13,85,32,9.09,85.71,108.0,9.0,8.85,10.26
Nordeste,PE,2020-04-13,194,1154,17,102,33,34.72,30.77,133.0,10.0,8.84,9.6
Nordeste,PE,2020-04-14,130,1284,13,115,34,-32.99,-23.53,133.0,11.0,8.96,9.5
Nordeste,PE,2020-04-15,200,1484,28,143,35,53.85,115.38,154.0,13.0,9.64,9.24
Nordeste,PE,2020-04-16,199,1683,17,160,36,-0.5,-39.29,161.0,14.0,9.51,9.16
Nordeste,PE,2020-04-17,323,2006,26,186,37,62.31,52.94,188.0,17.0,9.27,9.13
Nordeste,PE,2020-04-18,187,2193,19,205,38,-42.11,-26.92,196.0,19.0,9.35,9.2
Nordeste,PE,2020-04-19,266,2459,11,216,39,42.25,-42.11,214.0,18.0,8.78,9.19
Nordeste,PE,2020-04-20,231,2690,18,234,40,-13.16,63.64,219.0,18.0,8.7,9.17
Nordeste,PE,2020-04-21,218,2908,26,260,41,-5.63,44.44,232.0,20.0,8.94,9.17
Nordeste,PE,2020-04-22,390,3298,22,282,42,78.9,-15.38,259.0,19.0,8.55,9.01
Nordeste,PE,2020-04-23,221,3519,30,312,43,-43.33,36.36,262.0,21.0,8.87,8.92
Nordeste,PE,2020-04-24,480,3999,40,352,44,117.19,33.33,284.0,23.0,8.8,8.86
Nordeste,PE,2020-04-25,508,4507,29,381,45,5.83,-27.5,330.0,25.0,8.45,8.73
Nordeste,PE,2020-04-26,391,4898,34,415,46,-23.03,17.24,348.0,28.0,8.47,8.68
Nordeste,PE,2020-04-27,460,5358,35,450,47,17.65,2.94,381.0,30.0,8.4,8.64
Nordeste,PE,2020-04-28,366,5724,58,508,48,-20.43,65.71,402.0,35.0,8.87,8.63
Nordeste,PE,2020-04-29,470,6194,30,538,49,28.42,-48.28,413.0,36.0,8.69,8.65
Nordeste,PE,2020-04-30,682,6876,27,565,50,45.11,-10.0,479.0,36.0,8.22,8.56
Nordeste,PE,2020-05-01,458,7334,38,603,51,-32.84,40.74,476.0,35.0,8.22,8.47
Nordeste,PE,2020-05-02,811,8145,25,628,52,77.07,-34.21,519.0,35.0,7.71,8.37
Nordeste,AL,2020-03-08,1,1,0,0,1,0.0,0.0,0.0,0.0,0.0,0.0
Nordeste,AL,2020-03-09,0,1,0,0,2,0.0,0.0,0.0,0.0,0.0,0.0
Nordeste,AL,2020-03-10,0,1,0,0,3,0.0,0.0,0.0,0.0,0.0,0.0
Nordeste,AL,2020-03-11,0,1,0,0,4,0.0,0.0,0.0,0.0,0.0,0.0
Nordeste,AL,2020-03-12,0,1,0,0,5,0.0,0.0,0.0,0.0,0.0,0.0
Nordeste,AL,2020-03-13,0,1,0,0,6,0.0,0.0,0.0,0.0,0.0,0.0
Nordeste,AL,2020-03-14,0,1,0,0,7,0.0,0.0,0.0,0.0,0.0,0.0
Nordeste,AL,2020-03-15,0,1,0,0,8,0.0,0.0,0.0,0.0,0.0,0.0
Nordeste,AL,2020-03-16,0,1,0,0,9,0.0,0.0,0.0,0.0,0.0,0.0
Nordeste,AL,2020-03-17,0,1,0,0,10,0.0,0.0,0.0,0.0,0.0,0.0
Nordeste,AL,2020-03-18,0,1,0,0,11,0.0,0.0,0.0,0.0,0.0,0.0
Nordeste,AL,2020-03-19,3,4,0,0,12,0.0,0.0,0.0,0.0,0.0,0.0
Nordeste,AL,2020-03-20,1,5,0,0,13,-66.67,0.0,0.0,0.0,0.0,0.0
Nordeste,AL,2020-03-21,2,7,0,0,14,100.0,0.0,0.0,0.0,0.0,0.0
Nordeste,AL,2020-03-22,0,7,0,0,15,-100.0,0.0,0.0,0.0,0.0,0.0
Nordeste,AL,2020-03-23,0,7,0,0,16,0.0,0.0,0.0,0.0,0.0,0.0
Nordeste,AL,2020-03-24,2,9,0,0,17,0.0,0.0,1.0,0.0,0.0,0.0
Nordeste,AL,2020-03-25,2,11,0,0,18,0.0,0.0,1.0,0.0,0.0,0.0
Nordeste,AL,2020-03-26,0,11,0,0,19,-100.0,0.0,1.0,0.0,0.0,0.0
Nordeste,AL,2020-03-27,0,11,0,0,20,0.0,0.0,0.0,0.0,0.0,0.0
Nordeste,AL,2020-03-28,3,14,0,0,21,0.0,0.0,1.0,0.0,0.0,0.0
Nordeste,AL,2020-03-29,3,17,0,0,22,0.0,0.0,1.0,0.0,0.0,0.0
Nordeste,AL,2020-03-30,0,17,0,0,23,-100.0,0.0,1.0,0.0,0.0,0.0
Nordeste,AL,2020-03-31,1,18,1,1,24,0.0,0.0,1.0,0.0,5.56,0.79
Nordeste,AL,2020-04-01,0,18,0,1,25,-100.0,-100.0,1.0,0.0,5.56,1.59
Nordeste,AL,2020-04-02,0,18,0,1,26,0.0,0.0,1.0,0.0,5.56,2.38
Nordeste,AL,2020-04-03,4,22,1,2,27,0.0,0.0,1.0,0.0,9.09,3.68
Nordeste,AL,2020-04-04,1,23,0,2,28,-75.0,-100.0,1.0,0.0,8.7,4.92
Nordeste,AL,2020-04-05,5,28,0,2,29,400.0,0.0,1.0,0.0,7.14,5.94
Nordeste,AL,2020-04-06,3,31,0,2,30,-40.0,0.0,2.0,0.0,6.45,6.87
Nordeste,AL,2020-04-07,1,32,0,2,31,-66.67,0.0,2.0,0.0,6.25,6.96
Nordeste,AL,2020-04-08,5,37,0,2,32,400.0,0.0,2.0,0.0,5.41,6.94
Nordeste,AL,2020-04-09,0,37,1,3,33,-100.0,0.0,2.0,0.0,8.11,7.31
Nordeste,AL,2020-04-10,8,45,0,3,34,0.0,-100.0,3.0,0.0,6.67,6.96
Nordeste,AL,2020-04-11,3,48,0,3,35,-62.5,0.0,3.0,0.0,6.25,6.61
Nordeste,AL,2020-04-12,0,48,0,3,36,-100.0,0.0,2.0,0.0,6.25,6.48
Nordeste,AL,2020-04-13,2,50,0,3,37,0.0,0.0,2.0,0.0,6.0,6.42
Nordeste,AL,2020-04-14,22,72,1,4,38,1000.0,0.0,5.0,0.0,5.56,6.32
Nordeste,AL,2020-04-15,10,82,1,5,39,-54.55,0.0,6.0,0.0,6.1,6.42
Nordeste,AL,2020-04-16,7,89,0,5,40,-30.0,-100.0,7.0,0.0,5.62,6.06
Nordeste,AL,2020-04-17,21,110,2,7,41,200.0,0.0,9.0,0.0,6.36,6.02
Nordeste,AL,2020-04-18,22,132,0,7,42,4.76,-100.0,12.0,0.0,5.3,5.88
Nordeste,AL,2020-04-19,27,159,8,15,43,22.73,0.0,15.0,1.0,9.43,6.34
Nordeste,AL,2020-04-20,12,171,3,18,44,-55.56,-62.5,17.0,2.0,10.53,6.99
Nordeste,AL,2020-04-21,39,210,1,19,45,225.0,-66.67,19.0,2.0,9.05,7.48
Nordeste,AL,2020-04-22,33,243,1,20,46,-15.38,0.0,23.0,2.0,8.23,7.79
Nordeste,AL,2020-04-23,81,324,2,22,47,145.45,100.0,33.0,2.0,6.79,7.96
Nordeste,AL,2020-04-24,89,413,5,27,48,9.88,150.0,43.0,2.0,6.54,7.98
Nordeste,AL,2020-04-25,88,501,2,29,49,-1.12,-60.0,52.0,3.0,5.79,8.05
Nordeste,AL,2020-04-26,53,554,3,32,50,-39.77,50.0,56.0,2.0,5.78,7.53
Nordeste,AL,2020-04-27,89,643,2,34,51,67.92,-33.33,67.0,2.0,5.29,6.78
Nordeste,AL,2020-04-28,134,777,2,36,52,50.56,0.0,81.0,2.0,4.63,6.15
Nordeste,AL,2020-04-29,180,957,5,41,53,34.33,150.0,102.0,3.0,4.28,5.59
Nordeste,AL,2020-04-30,87,1044,6,47,54,-51.67,20.0,102.0,3.0,4.5,5.26
Nordeste,AL,2020-05-01,182,1226,6,53,55,109.2,0.0,116.0,3.0,4.32,4.94
Nordeste,AL,2020-05-02,146,1372,5,58,56,-19.78,-16.67,124.0,4.0,4.23,4.72
Nordeste,SE,2020-03-15,1,1,0,0,1,0.0,0.0,0.0,0.0,0.0,0.0
Nordeste,SE,2020-03-16,0,1,0,0,2,0.0,0.0,0.0,0.0,0.0,0.0
Nordeste,SE,2020-03-17,3,4,0,0,3,0.0,0.0,0.0,0.0,0.0,0.0
Nordeste,SE,2020-03-18,1,5,0,0,4,-66.67,0.0,0.0,0.0,0.0,0.0
Nordeste,SE,2020-03-19,1,6,0,0,5,0.0,0.0,0.0,0.0,0.0,0.0
Nordeste,SE,2020-03-20,0,6,0,0,6,-100.0,0.0,0.0,0.0,0.0,0.0
Nordeste,SE,2020-03-21,4,10,0,0,7,0.0,0.0,1.0,0.0,0.0,0.0
Nordeste,SE,2020-03-22,0,10,0,0,8,-100.0,0.0,1.0,0.0,0.0,0.0
Nordeste,SE,2020-03-23,0,10,0,0,9,0.0,0.0,1.0,0.0,0.0,0.0
Nordeste,SE,2020-03-24,5,15,0,0,10,0.0,0.0,1.0,0.0,0.0,0.0
Nordeste,SE,2020-03-25,1,16,0,0,11,-80.0,0.0,1.0,0.0,0.0,0.0
Nordeste,SE,2020-03-26,0,16,0,0,12,-100.0,0.0,1.0,0.0,0.0,0.0
Nordeste,SE,2020-03-27,0,16,0,0,13,0.0,0.0,1.0,0.0,0.0,0.0
Nordeste,SE,2020-03-28,0,16,0,0,14,0.0,0.0,0.0,0.0,0.0,0.0
Nordeste,SE,2020-03-29,0,16,0,0,15,0.0,0.0,0.0,0.0,0.0,0.0
Nordeste,SE,2020-03-30,0,16,0,0,16,0.0,0.0,0.0,0.0,0.0,0.0
Nordeste,SE,2020-03-31,3,19,0,0,17,0.0,0.0,0.0,0.0,0.0,0.0
Nordeste,SE,2020-04-01,1,20,0,0,18,-66.67,0.0,0.0,0.0,0.0,0.0
Nordeste,SE,2020-04-02,3,23,2,2,19,200.0,0.0,1.0,0.0,8.7,1.24
Nordeste,SE,2020-04-03,2,25,0,2,20,-33.33,-100.0,1.0,0.0,8.0,2.39
Nordeste,SE,2020-04-04,2,27,0,2,21,0.0,0.0,1.0,0.0,7.41,3.44
Nordeste,SE,2020-04-05,5,32,1,3,22,150.0,0.0,2.0,0.0,9.38,4.78
Nordeste,SE,2020-04-06,0,32,1,4,23,-100.0,0.0,2.0,0.0,12.5,6.57
Nordeste,SE,2020-04-07,4,36,0,4,24,0.0,-100.0,2.0,0.0,11.11,8.16
Nordeste,SE,2020-04-08,0,36,0,4,25,-100.0,0.0,2.0,0.0,11.11,9.74
Nordeste,SE,2020-04-09,3,39,0,4,26,0.0,0.0,2.0,0.0,10.26,9.97
Nordeste,SE,2020-04-10,3,42,0,4,27,0.0,0.0,2.0,0.0,9.52,10.18
Nordeste,SE,2020-04-11,0,42,0,4,28,-100.0,0.0,2.0,0.0,9.52,10.49
Nordeste,SE,2020-04-12,2,44,0,4,29,0.0,0.0,1.0,0.0,9.09,10.44
Nordeste,SE,2020-04-13,0,44,0,4,30,-100.0,0.0,1.0,0.0,9.09,9.96
Nordeste,SE,2020-04-14,1,45,0,4,31,0.0,0.0,1.0,0.0,8.89,9.64
Nordeste,SE,2020-04-15,1,46,0,4,32,0.0,0.0,1.0,0.0,8.7,9.3
Nordeste,SE,2020-04-16,2,48,0,4,33,100.0,0.0,1.0,0.0,8.33,9.02
Nordeste,SE,2020-04-17,5,53,0,4,34,150.0,0.0,1.0,0.0,7.55,8.74
Nordeste,SE,2020-04-18,18,71,1,5,35,260.0,0.0,4.0,0.0,7.04,8.38
Nordeste,SE,2020-04-19,12,83,0,5,36,-33.33,-100.0,5.0,0.0,6.02,7.95
Nordeste,SE,2020-04-20,3,86,0,5,37,-75.0,0.0,6.0,0.0,5.81,7.48
Nordeste,SE,2020-04-21,6,92,0,5,38,100.0,0.0,6.0,0.0,5.43,6.98
Nordeste,SE,2020-04-22,25,117,2,7,39,316.67,0.0,10.0,0.0,5.98,6.59
Nordeste,SE,2020-04-23,7,124,1,8,40,-72.0,-50.0,10.0,0.0,6.45,6.33
Nordeste,SE,2020-04-24,20,144,0,8,41,185.71,-100.0,13.0,0.0,5.56,6.04
Nordeste,SE,2020-04-25,9,153,1,9,42,-55.0,0.0,11.0,0.0,5.88,5.88
Nordeste,SE,2020-04-26,6,159,0,9,43,-33.33,-100.0,10.0,0.0,5.66,5.82
Nordeste,SE,2020-04-27,38,197,1,10,44,533.33,0.0,15.0,0.0,5.08,5.72
Nordeste,SE,2020-04-28,83,280,1,11,45,118.42,0.0,26.0,0.0,3.93,5.51
Nordeste,SE,2020-04-29,57,337,1,12,46,-31.33,0.0,31.0,0.0,3.56,5.16
Nordeste,SE,2020-04-30,110,447,0,12,47,92.98,-100.0,46.0,0.0,2.68,4.62
Nordeste,SE,2020-05-01,70,517,2,14,48,-36.36,0.0,53.0,0.0,2.71,4.21
Nordeste,SE,2020-05-02,84,601,0,14,49,20.0,-100.0,64.0,0.0,2.33,3.71
Nordeste,BA,2020-03-06,1,1,0,0,1,0.0,0.0,0.0,0.0,0.0,0.0
Nordeste,BA,2020-03-07,1,2,0,0,2,0.0,0.0,0.0,0.0,0.0,0.0
Nordeste,BA,2020-03-08,0,2,0,0,3,-100.0,0.0,0.0,0.0,0.0,0.0
Nordeste,BA,2020-03-09,0,2,0,0,4,0.0,0.0,0.0,0.0,0.0,0.0
Nordeste,BA,2020-03-10,0,2,0,0,5,0.0,0.0,0.0,0.0,0.0,0.0
Nordeste,BA,2020-03-11,0,2,0,0,6,0.0,0.0,0.0,0.0,0.0,0.0
Nordeste,BA,2020-03-12,0,2,0,0,7,0.0,0.0,0.0,0.0,0.0,0.0
Nordeste,BA,2020-03-13,0,2,0,0,8,0.0,0.0,0.0,0.0,0.0,0.0
Nordeste,BA,2020-03-14,0,2,0,0,9,0.0,0.0,0.0,0.0,0.0,0.0
Nordeste,BA,2020-03-15,0,2,0,0,10,0.0,0.0,0.0,0.0,0.0,0.0
Nordeste,BA,2020-03-16,0,2,0,0,11,0.0,0.0,0.0,0.0,0.0,0.0
Nordeste,BA,2020-03-17,1,3,0,0,12,0.0,0.0,0.0,0.0,0.0,0.0
Nordeste,BA,2020-03-18,0,3,0,0,13,-100.0,0.0,0.0,0.0,0.0,0.0
Nordeste,BA,2020-03-19,27,30,0,0,14,0.0,0.0,4.0,0.0,0.0,0.0
Nordeste,BA,2020-03-20,3,33,0,0,15,-88.89,0.0,4.0,0.0,0.0,0.0
Nordeste,BA,2020-03-21,8,41,0,0,16,166.67,0.0,5.0,0.0,0.0,0.0
Nordeste,BA,2020-03-22,8,49,0,0,17,0.0,0.0,6.0,0.0,0.0,0.0
Nordeste,BA,2020-03-23,14,63,0,0,18,75.0,0.0,8.0,0.0,0.0,0.0
Nordeste,BA,2020-03-24,13,76,0,0,19,-7.14,0.0,10.0,0.0,0.0,0.0
Nordeste,BA,2020-03-25,8,84,0,0,20,-38.46,0.0,11.0,0.0,0.0,0.0
Nordeste,BA,2020-03-26,20,104,0,0,21,150.0,0.0,10.0,0.0,0.0,0.0
Nordeste,BA,2020-03-27,11,115,0,0,22,-45.0,0.0,11.0,0.0,0.0,0.0
Nordeste,BA,2020-03-28,12,127,0,0,23,9.09,0.0,12.0,0.0,0.0,0.0
Nordeste,BA,2020-03-29,27,154,1,1,24,125.0,0.0,15.0,0.0,0.65,0.09
Nordeste,BA,2020-03-30,22,176,0,1,25,-18.52,-100.0,16.0,0.0,0.57,0.17
Nordeste,BA,2020-03-31,37,213,1,2,26,68.18,0.0,19.0,0.0,0.94,0.31
Nordeste,BA,2020-04-01,33,246,0,2,27,-10.81,-100.0,23.0,0.0,0.81,0.42
Nordeste,BA,2020-04-02,21,267,1,3,28,-36.36,0.0,23.0,0.0,1.12,0.58
Nordeste,BA,2020-04-03,15,282,2,5,29,-28.57,100.0,23.0,0.0,1.77,0.84
Nordeste,BA,2020-04-04,50,332,2,7,30,233.33,0.0,29.0,1.0,2.11,1.14
Nordeste,BA,2020-04-05,69,401,2,9,31,38.0,0.0,35.0,1.0,2.24,1.37
Nordeste,BA,2020-04-06,30,431,1,10,32,-56.52,-50.0,36.0,1.0,2.32,1.62
Nordeste,BA,2020-04-07,25,456,2,12,33,-16.67,100.0,34.0,1.0,2.63,1.86
Nordeste,BA,2020-04-08,41,497,3,15,34,64.0,50.0,35.0,1.0,3.02,2.17
Nordeste,BA,2020-04-09,62,559,4,19,35,51.22,33.33,41.0,2.0,3.4,2.5
Nordeste,BA,2020-04-10,45,604,0,19,36,-27.42,-100.0,46.0,2.0,3.15,2.7
Nordeste,BA,2020-04-11,31,635,2,21,37,-31.11,0.0,43.0,2.0,3.31,2.87
Nordeste,BA,2020-04-12,38,673,0,21,38,22.58,-100.0,38.0,1.0,3.12,2.99
Nordeste,BA,2020-04-13,50,723,1,22,39,31.58,0.0,41.0,1.0,3.04,3.1
Nordeste,BA,2020-04-14,36,759,0,22,40,-28.0,-100.0,43.0,1.0,2.9,3.13
Nordeste,BA,2020-04-15,48,807,5,27,41,33.33,0.0,44.0,1.0,3.35,3.18
Nordeste,BA,2020-04-16,144,951,3,30,42,200.0,-40.0,56.0,1.0,3.15,3.15
Nordeste,BA,2020-04-17,108,1059,6,36,43,-25.0,100.0,65.0,2.0,3.4,3.18
Nordeste,BA,2020-04-18,134,1193,1,37,44,24.07,-83.33,79.0,2.0,3.1,3.15
Nordeste,BA,2020-04-19,37,1230,8,45,45,-72.39,700.0,79.0,3.0,3.66,3.23
Nordeste,BA,2020-04-20,111,1341,1,46,46,200.0,-87.5,88.0,3.0,3.43,3.28
Nordeste,BA,2020-04-21,148,1489,1,47,47,33.33,0.0,104.0,3.0,3.16,3.32
Nordeste,BA,2020-04-22,155,1644,3,50,48,4.73,200.0,119.0,3.0,3.04,3.28
Nordeste,BA,2020-04-23,145,1789,9,59,49,-6.45,200.0,119.0,4.0,3.3,3.3
Nordeste,BA,2020-04-24,173,1962,5,64,50,19.31,-44.44,129.0,4.0,3.26,3.28
Nordeste,BA,2020-04-25,119,2081,6,70,51,-31.21,20.0,126.0,4.0,3.36,3.32
Nordeste,BA,2020-04-26,128,2209,3,73,52,7.56,-50.0,139.0,4.0,3.3,3.26
Nordeste,BA,2020-04-27,145,2354,3,76,53,13.28,0.0,144.0,4.0,3.23,3.24
Nordeste,BA,2020-04-28,186,2540,10,86,54,28.28,233.33,150.0,5.0,3.39,3.27
Nordeste,BA,2020-04-29,106,2646,10,96,55,-43.01,0.0,143.0,6.0,3.63,3.35
Nordeste,BA,2020-04-30,205,2851,8,104,56,93.4,-20.0,151.0,6.0,3.65,3.4
Nordeste,BA,2020-05-01,234,3085,13,117,57,14.15,62.5,160.0,7.0,3.79,3.48
Nordeste,BA,2020-05-02,230,3315,6,123,58,-1.71,-53.85,176.0,7.0,3.71,3.53
Sudeste,MG,2020-03-08,1,1,0,0,1,0.0,0.0,0.0,0.0,0.0,0.0
Sudeste,MG,2020-03-09,0,1,0,0,2,0.0,0.0,0.0,0.0,0.0,0.0
Sudeste,MG,2020-03-10,0,1,0,0,3,0.0,0.0,0.0,0.0,0.0,0.0
Sudeste,MG,2020-03-11,0,1,0,0,4,0.0,0.0,0.0,0.0,0.0,0.0
Sudeste,MG,2020-03-12,0,1,0,0,5,0.0,0.0,0.0,0.0,0.0,0.0
Sudeste,MG,2020-03-13,1,2,0,0,6,0.0,0.0,0.0,0.0,0.0,0.0
Sudeste,MG,2020-03-14,0,2,0,0,7,-100.0,0.0,0.0,0.0,0.0,0.0
Sudeste,MG,2020-03-15,0,2,0,0,8,0.0,0.0,0.0,0.0,0.0,0.0
Sudeste,MG,2020-03-16,3,5,0,0,9,0.0,0.0,0.0,0.0,0.0,0.0
Sudeste,MG,2020-03-17,2,7,0,0,10,-33.33,0.0,0.0,0.0,0.0,0.0
Sudeste,MG,2020-03-18,8,15,0,0,11,300.0,0.0,2.0,0.0,0.0,0.0
Sudeste,MG,2020-03-19,14,29,0,0,12,75.0,0.0,4.0,0.0,0.0,0.0
Sudeste,MG,2020-03-20,6,35,0,0,13,-57.14,0.0,4.0,0.0,0.0,0.0
Sudeste,MG,2020-03-21,3,38,0,0,14,-50.0,0.0,5.0,0.0,0.0,0.0
Sudeste,MG,2020-03-22,45,83,0,0,15,1400.0,0.0,11.0,0.0,0.0,0.0
Sudeste,MG,2020-03-23,45,128,0,0,16,0.0,0.0,17.0,0.0,0.0,0.0
Sudeste,MG,2020-03-24,2,130,0,0,17,-95.56,0.0,17.0,0.0,0.0,0.0
Sudeste,MG,2020-03-25,3,133,0,0,18,50.0,0.0,16.0,0.0,0.0,0.0
Sudeste,MG,2020-03-26,20,153,0,0,19,566.67,0.0,17.0,0.0,0.0,0.0
Sudeste,MG,2020-03-27,36,189,0,0,20,80.0,0.0,22.0,0.0,0.0,0.0
Sudeste,MG,2020-03-28,16,205,0,0,21,-55.56,0.0,23.0,0.0,0.0,0.0
Sudeste,MG,2020-03-29,26,231,0,0,22,62.5,0.0,21.0,0.0,0.0,0.0
Sudeste,MG,2020-03-30,30,261,1,1,23,15.38,0.0,19.0,0.0,0.38,0.05
Sudeste,MG,2020-03-31,14,275,1,2,24,-53.33,0.0,20.0,0.0,0.73,0.16
Sudeste,MG,2020-04-01,39,314,1,3,25,178.57,0.0,25.0,0.0,0.96,0.3
Sudeste,MG,2020-04-02,56,370,1,4,26,43.59,0.0,31.0,0.0,1.08,0.45
Sudeste,MG,2020-04-03,27,397,2,6,27,-51.79,100.0,29.0,0.0,1.51,0.67
Sudeste,MG,2020-04-04,33,430,0,6,28,22.22,-100.0,32.0,0.0,1.4,0.87
Sudeste,MG,2020-04-05,68,498,0,6,29,106.06,0.0,38.0,0.0,1.2,1.04
Sudeste,MG,2020-04-06,27,525,3,9,30,-60.29,0.0,37.0,1.0,1.71,1.23
Sudeste,MG,2020-04-07,34,559,2,11,31,25.93,-33.33,40.0,1.0,1.97,1.4
Sudeste,MG,2020-04-08,55,614,3,14,32,61.76,50.0,42.0,1.0,2.28,1.59
Sudeste,MG,2020-04-09,41,655,1,15,33,-25.45,-66.67,40.0,1.0,2.29,1.77
Sudeste,MG,2020-04-10,43,698,2,17,34,4.88,100.0,43.0,1.0,2.44,1.9
Sudeste,MG,2020-04-11,52,750,0,17,35,20.93,-100.0,45.0,1.0,2.27,2.02
Sudeste,MG,2020-04-12,56,806,3,20,36,7.69,0.0,44.0,2.0,2.48,2.21
Sudeste,MG,2020-04-13,9,815,3,23,37,-83.93,0.0,41.0,2.0,2.82,2.36
Sudeste,MG,2020-04-14,69,884,4,27,38,666.67,33.33,46.0,2.0,3.05,2.52
Sudeste,MG,2020-04-15,19,903,3,30,39,-72.46,-25.0,41.0,2.0,3.32,2.67
Sudeste,MG,2020-04-16,55,958,3,33,40,189.47,0.0,43.0,2.0,3.44,2.83
Sudeste,MG,2020-04-17,63,1021,2,35,41,14.55,-33.33,46.0,2.0,3.43,2.97
Sudeste,MG,2020-04-18,56,1077,4,39,42,-11.11,100.0,46.0,3.0,3.62,3.17
Sudeste,MG,2020-04-19,77,1154,0,39,43,37.5,-100.0,49.0,2.0,3.38,3.29
Sudeste,MG,2020-04-20,35,1189,2,41,44,-54.55,0.0,53.0,2.0,3.45,3.38
Sudeste,MG,2020-04-21,41,1230,3,44,45,17.14,50.0,49.0,2.0,3.58,3.46
Sudeste,MG,2020-04-22,53,1283,3,47,46,29.27,0.0,54.0,2.0,3.66,3.51
Sudeste,MG,2020-04-23,25,1308,4,51,47,-52.83,33.33,50.0,2.0,3.9,3.57
Sudeste,MG,2020-04-24,111,1419,3,54,48,344.0,-25.0,56.0,2.0,3.81,3.63
Sudeste,MG,2020-04-25,62,1481,4,58,49,-44.14,33.33,57.0,2.0,3.92,3.67
Sudeste,MG,2020-04-26,67,1548,3,61,50,8.06,-25.0,56.0,3.0,3.94,3.75
Sudeste,MG,2020-04-27,38,1586,1,62,51,-43.28,-66.67,56.0,3.0,3.91,3.82
Sudeste,MG,2020-04-28,63,1649,9,71,52,65.79,800.0,59.0,3.0,4.31,3.92
Sudeste,MG,2020-04-29,109,1758,9,80,53,73.02,0.0,67.0,4.0,4.55,4.05
Sudeste,MG,2020-04-30,69,1827,2,82,54,-36.7,-77.78,74.0,4.0,4.49,4.13
Sudeste,MG,2020-05-01,108,1935,6,88,55,56.52,200.0,73.0,4.0,4.55,4.24
Sudeste,MG,2020-05-02,88,2023,0,88,56,-18.52,-100.0,77.0,4.0,4.35,4.3
Sudeste,ES,2020-03-06,1,1,0,0,1,0.0,0.0,0.0,0.0,0.0,0.0
Sudeste,ES,2020-03-07,0,1,0,0,2,0.0,0.0,0.0,0.0,0.0,0.0
Sudeste,ES,2020-03-08,0,1,0,0,3,0.0,0.0,0.0,0.0,0.0,0.0
Sudeste,ES,2020-03-09,0,1,0,0,4,0.0,0.0,0.0,0.0,0.0,0.0
Sudeste,ES,2020-03-10,0,1,0,0,5,0.0,0.0,0.0,0.0,0.0,0.0
Sudeste,ES,2020-03-11,0,1,0,0,6,0.0,0.0,0.0,0.0,0.0,0.0
Sudeste,ES,2020-03-12,0,1,0,0,7,0.0,0.0,0.0,0.0,0.0,0.0
Sudeste,ES,2020-03-13,0,1,0,0,8,0.0,0.0,0.0,0.0,0.0,0.0
Sudeste,ES,2020-03-14,0,1,0,0,9,0.0,0.0,0.0,0.0,0.0,0.0
Sudeste,ES,2020-03-15,0,1,0,0,10,0.0,0.0,0.0,0.0,0.0,0.0
Sudeste,ES,2020-03-16,0,1,0,0,11,0.0,0.0,0.0,0.0,0.0,0.0
Sudeste,ES,2020-03-17,0,1,0,0,12,0.0,0.0,0.0,0.0,0.0,0.0
Sudeste,ES,2020-03-18,8,9,0,0,13,0.0,0.0,1.0,0.0,0.0,0.0
Sudeste,ES,2020-03-19,2,11,0,0,14,-75.0,0.0,1.0,0.0,0.0,0.0
Sudeste,ES,2020-03-20,2,13,0,0,15,0.0,0.0,1.0,0.0,0.0,0.0
Sudeste,ES,2020-03-21,13,26,0,0,16,550.0,0.0,3.0,0.0,0.0,0.0
Sudeste,ES,2020-03-22,0,26,0,0,17,-100.0,0.0,3.0,0.0,0.0,0.0
Sudeste,ES,2020-03-23,3,29,0,0,18,0.0,0.0,4.0,0.0,0.0,0.0
Sudeste,ES,2020-03-24,4,33,0,0,19,33.33,0.0,4.0,0.0,0.0,0.0
Sudeste,ES,2020-03-25,6,39,0,0,20,50.0,0.0,4.0,0.0,0.0,0.0
Sudeste,ES,2020-03-26,0,39,0,0,21,-100.0,0.0,4.0,0.0,0.0,0.0
Sudeste,ES,2020-03-27,8,47,0,0,22,0.0,0.0,4.0,0.0,0.0,0.0
Sudeste,ES,2020-03-28,6,53,0,0,23,-25.0,0.0,3.0,0.0,0.0,0.0
Sudeste,ES,2020-03-29,7,60,0,0,24,16.67,0.0,4.0,0.0,0.0,0.0
Sudeste,ES,2020-03-30,12,72,0,0,25,71.43,0.0,6.0,0.0,0.0,0.0
Sudeste,ES,2020-03-31,12,84,0,0,26,0.0,0.0,7.0,0.0,0.0,0.0
Sudeste,ES,2020-04-01,12,96,0,0,27,0.0,0.0,8.0,0.0,0.0,0.0
Sudeste,ES,2020-04-02,24,120,1,1,28,100.0,0.0,11.0,0.0,0.83,0.12
Sudeste,ES,2020-04-03,19,139,3,4,29,-20.83,200.0,13.0,0.0,2.88,0.53
Sudeste,ES,2020-04-04,14,153,1,5,30,-26.32,-66.67,14.0,0.0,3.27,1.0
Sudeste,ES,2020-04-05,13,166,1,6,31,-7.14,0.0,15.0,0.0,3.61,1.51
Sudeste,ES,2020-04-06,28,194,0,6,32,115.38,-100.0,17.0,0.0,3.09,1.95
Sudeste,ES,2020-04-07,15,209,0,6,33,-46.43,0.0,17.0,0.0,2.87,2.36
Sudeste,ES,2020-04-08,18,227,0,6,34,20.0,0.0,18.0,0.0,2.64,2.74
Sudeste,ES,2020-04-09,46,273,0,6,35,155.56,0.0,21.0,0.0,2.2,2.94
Sudeste,ES,2020-04-10,27,300,1,7,36,-41.3,0.0,23.0,0.0,2.33,2.86
Sudeste,ES,2020-04-11,49,349,2,9,37,81.48,100.0,28.0,0.0,2.58,2.76
Sudeste,ES,2020-04-12,34,383,0,9,38,-30.61,-100.0,31.0,0.0,2.35,2.58
Sudeste,ES,2020-04-13,47,430,5,14,39,38.24,0.0,33.0,1.0,3.26,2.6
Sudeste,ES,2020-04-14,33,463,3,17,40,-29.79,-40.0,36.0,1.0,3.67,2.72
Sudeste,ES,2020-04-15,94,557,1,18,41,184.85,-66.67,47.0,1.0,3.23,2.8
Sudeste,ES,2020-04-16,197,754,4,22,42,109.57,300.0,68.0,2.0,2.92,2.91
Sudeste,ES,2020-04-17,102,856,3,25,43,-48.22,-25.0,79.0,2.0,2.92,2.99
Sudeste,ES,2020-04-18,96,952,3,28,44,-5.88,0.0,86.0,2.0,2.94,3.04
Sudeste,ES,2020-04-19,147,1099,2,30,45,53.12,-33.33,102.0,3.0,2.73,3.1
Sudeste,ES,2020-04-20,69,1168,3,33,46,-53.06,50.0,105.0,2.0,2.83,3.03
Sudeste,ES,2020-04-21,44,1212,1,34,47,-36.23,-66.67,107.0,2.0,2.81,2.91
Sudeste,ES,2020-04-22,101,1313,0,34,48,129.55,-100.0,108.0,2.0,2.59,2.82
Sudeste,ES,2020-04-23,50,1363,8,42,49,-50.5,0.0,87.0,2.0,3.08,2.84
Sudeste,ES,2020-04-24,18,1381,0,42,50,-64.0,-100.0,75.0,2.0,3.04,2.86
Sudeste,ES,2020-04-25,214,1595,5,47,51,1088.89,0.0,91.0,2.0,2.95,2.86
Sudeste,ES,2020-04-26,108,1703,4,51,52,-49.53,-20.0,86.0,3.0,2.99,2.9
Sudeste,ES,2020-04-27,93,1796,6,57,53,-13.89,50.0,89.0,3.0,3.17,2.95
Sudeste,ES,2020-04-28,78,1874,7,64,54,-16.13,16.67,94.0,4.0,3.42,3.03
Sudeste,ES,2020-04-29,233,2107,12,76,55,198.72,71.43,113.0,6.0,3.61,3.18
Sudeste,ES,2020-04-30,358,2465,7,83,56,53.65,-41.67,157.0,5.0,3.37,3.22
Sudeste,ES,2020-05-01,197,2662,13,96,57,-44.97,85.71,183.0,7.0,3.61,3.3
Sudeste,ES,2020-05-02,323,2985,7,103,58,63.96,-46.15,198.0,8.0,3.45,3.37
Sudeste,RJ,2020-03-05,1,1,0,0,1,0.0,0.0,0.0,0.0,0.0,0.0
Sudeste,RJ,2020-03-06,0,1,0,0,2,0.0,0.0,0.0,0.0,0.0,0.0
Sudeste,RJ,2020-03-07,1,2,0,0,3,0.0,0.0,0.0,0.0,0.0,0.0
Sudeste,RJ,2020-03-08,1,3,0,0,4,0.0,0.0,0.0,0.0,0.0,0.0
Sudeste,RJ,2020-03-09,0,3,0,0,5,-100.0,0.0,0.0,0.0,0.0,0.0
Sudeste,RJ,2020-03-10,5,8,0,0,6,0.0,0.0,0.0,0.0,0.0,0.0
Sudeste,RJ,2020-03-11,5,13,0,0,7,0.0,0.0,1.0,0.0,0.0,0.0
Sudeste,RJ,2020-03-12,3,16,0,0,8,-40.0,0.0,2.0,0.0,0.0,0.0
Sudeste,RJ,2020-03-13,0,16,0,0,9,-100.0,0.0,2.0,0.0,0.0,0.0
Sudeste,RJ,2020-03-14,6,22,0,0,10,0.0,0.0,2.0,0.0,0.0,0.0
Sudeste,RJ,2020-03-15,2,24,0,0,11,-66.67,0.0,3.0,0.0,0.0,0.0
Sudeste,RJ,2020-03-16,7,31,0,0,12,250.0,0.0,4.0,0.0,0.0,0.0
Sudeste,RJ,2020-03-17,2,33,0,0,13,-71.43,0.0,3.0,0.0,0.0,0.0
Sudeste,RJ,2020-03-18,12,45,0,0,14,500.0,0.0,4.0,0.0,0.0,0.0
Sudeste,RJ,2020-03-19,20,65,2,2,15,66.67,0.0,7.0,0.0,3.08,0.44
Sudeste,RJ,2020-03-20,44,109,0,2,16,120.0,-100.0,13.0,0.0,1.83,0.7
Sudeste,RJ,2020-03-21,10,119,1,3,17,-77.27,0.0,13.0,0.0,2.52,1.06
Sudeste,RJ,2020-03-22,67,186,0,3,18,570.0,-100.0,23.0,0.0,1.61,1.29
Sudeste,RJ,2020-03-23,47,233,1,4,19,-29.85,0.0,28.0,0.0,1.72,1.54
Sudeste,RJ,2020-03-24,72,305,2,6,20,53.19,100.0,38.0,0.0,1.97,1.82
Sudeste,RJ,2020-03-25,65,370,0,6,21,-9.72,-100.0,46.0,0.0,1.62,2.05
Sudeste,RJ,2020-03-26,51,421,3,9,22,-21.54,0.0,50.0,1.0,2.14,1.92
Sudeste,RJ,2020-03-27,72,493,1,10,23,41.18,-66.67,54.0,1.0,2.03,1.94
Sudeste,RJ,2020-03-28,65,558,3,13,24,-9.72,200.0,62.0,1.0,2.33,1.92
Sudeste,RJ,2020-03-29,42,600,4,17,25,-35.38,33.33,59.0,2.0,2.83,2.09
Sudeste,RJ,2020-03-30,57,657,1,18,26,35.71,-75.0,60.0,2.0,2.74,2.24
Sudeste,RJ,2020-03-31,51,708,5,23,27,-10.53,400.0,57.0,2.0,3.25,2.42
Sudeste,RJ,2020-04-01,124,832,5,28,28,143.14,0.0,66.0,3.0,3.37,2.67
Sudeste,RJ,2020-04-02,160,992,13,41,29,29.03,160.0,81.0,4.0,4.13,2.95
Sudeste,RJ,2020-04-03,82,1074,6,47,30,-48.75,-53.85,83.0,5.0,4.38,3.29
Sudeste,RJ,2020-04-04,172,1246,11,58,31,109.76,83.33,98.0,6.0,4.65,3.62
Sudeste,RJ,2020-04-05,148,1394,6,64,32,-13.95,-45.45,113.0,6.0,4.59,3.87
Sudeste,RJ,2020-04-06,67,1461,7,71,33,-54.73,16.67,114.0,7.0,4.86,4.18
Sudeste,RJ,2020-04-07,227,1688,18,89,34,238.81,157.14,140.0,9.0,5.27,4.46
Sudeste,RJ,2020-04-08,250,1938,17,106,35,10.13,-5.56,158.0,11.0,5.47,4.76
Sudeste,RJ,2020-04-09,278,2216,16,122,36,11.2,-5.88,174.0,11.0,5.51,4.96
Sudeste,RJ,2020-04-10,248,2464,25,147,37,-10.79,56.25,198.0,14.0,5.97,5.19
Sudeste,RJ,2020-04-11,143,2607,8,155,38,-42.34,-68.0,194.0,13.0,5.95,5.37
Sudeste,RJ,2020-04-12,248,2855,15,170,39,73.43,87.5,208.0,15.0,5.95,5.57
Sudeste,RJ,2020-04-13,376,3231,18,188,40,51.61,20.0,252.0,16.0,5.82,5.71
Sudeste,RJ,2020-04-14,179,3410,36,224,41,-52.39,100.0,246.0,19.0,6.57,5.89
Sudeste,RJ,2020-04-15,333,3743,41,265,42,86.03,13.89,257.0,22.0,7.08,6.12
Sudeste,RJ,2020-04-16,201,3944,35,300,43,-39.64,-14.63,246.0,25.0,7.61,6.42
Sudeste,RJ,2020-04-17,405,4349,41,341,44,101.49,17.14,269.0,27.0,7.84,6.69
Sudeste,RJ,2020-04-18,194,4543,46,387,45,-52.1,12.2,276.0,33.0,8.52,7.06
Sudeste,RJ,2020-04-19,222,4765,15,402,46,14.43,-67.39,272.0,33.0,8.44,7.41
Sudeste,RJ,2020-04-20,134,4899,20,422,47,-39.64,33.33,238.0,33.0,8.61,7.81
Sudeste,RJ,2020-04-21,407,5306,39,461,48,203.73,95.0,270.0,33.0,8.69,8.11
Sudeste,RJ,2020-04-22,246,5552,29,490,49,-39.56,-25.64,258.0,32.0,8.83,8.36
Sudeste,RJ,2020-04-23,620,6172,40,530,50,152.03,37.93,318.0,32.0,8.59,8.5
Sudeste,RJ,2020-04-24,110,6282,40,570,51,-82.26,0.0,276.0,32.0,9.07,8.68
Sudeste,RJ,2020-04-25,546,6828,45,615,52,396.36,12.5,326.0,32.0,9.01,8.75
Sudeste,RJ,2020-04-26,283,7111,30,645,53,-48.17,-33.33,335.0,34.0,9.07,8.84
Sudeste,RJ,2020-04-27,833,7944,32,677,54,194.35,6.67,435.0,36.0,8.52,8.83
Sudeste,RJ,2020-04-28,560,8504,61,738,55,-32.77,90.62,456.0,39.0,8.68,8.82
Sudeste,RJ,2020-04-29,365,8869,56,794,56,-34.82,-8.2,473.0,43.0,8.95,8.84
Sudeste,RJ,2020-04-30,584,9453,60,854,57,60.0,7.14,468.0,46.0,9.03,8.9
Sudeste,RJ,2020-05-01,713,10166,67,921,58,22.09,11.67,554.0,50.0,9.06,8.9
Sudeste,RJ,2020-05-02,380,10546,50,971,59,-46.7,-25.37,531.0,50.0,9.21,8.93
Sudeste,SP,2020-02-26,1,1,0,0,1,0.0,0.0,0.0,0.0,0.0,0.0
Sudeste,SP,2020-02-27,0,1,0,0,2,0.0,0.0,0.0,0.0,0.0,0.0
Sudeste,SP,2020-02-28,0,1,0,0,3,0.0,0.0,0.0,0.0,0.0,0.0
Sudeste,SP,2020-02-29,1,2,0,0,4,0.0,0.0,0.0,0.0,0.0,0.0
Sudeste,SP,2020-03-01,0,2,0,0,5,-100.0,0.0,0.0,0.0,0.0,0.0
Sudeste,SP,2020-03-02,0,2,0,0,6,0.0,0.0,0.0,0.0,0.0,0.0
Sudeste,SP,2020-03-03,0,2,0,0,7,0.0,0.0,0.0,0.0,0.0,0.0
Sudeste,SP,2020-03-04,1,3,0,0,8,0.0,0.0,0.0,0.0,0.0,0.0
Sudeste,SP,2020-03-05,3,6,0,0,9,200.0,0.0,0.0,0.0,0.0,0.0
Sudeste,SP,2020-03-06,4,10,0,0,10,33.33,0.0,1.0,0.0,0.0,0.0
Sudeste,SP,2020-03-07,3,13,0,0,11,-25.0,0.0,1.0,0.0,0.0,0.0
Sudeste,SP,2020-03-08,3,16,0,0,12,0.0,0.0,2.0,0.0,0.0,0.0
Sudeste,SP,2020-03-09,0,16,0,0,13,-100.0,0.0,2.0,0.0,0.0,0.0
Sudeste,SP,2020-03-10,3,19,0,0,14,0.0,0.0,2.0,0.0,0.0,0.0
Sudeste,SP,2020-03-11,11,30,0,0,15,266.67,0.0,3.0,0.0,0.0,0.0
Sudeste,SP,2020-03-12,12,42,0,0,16,9.09,0.0,5.0,0.0,0.0,0.0
Sudeste,SP,2020-03-13,14,56,0,0,17,16.67,0.0,6.0,0.0,0.0,0.0
Sudeste,SP,2020-03-14,9,65,0,0,18,-35.71,0.0,7.0,0.0,0.0,0.0
Sudeste,SP,2020-03-15,71,136,0,0,19,688.89,0.0,17.0,0.0,0.0,0.0
Sudeste,SP,2020-03-16,16,152,0,0,20,-77.46,0.0,19.0,0.0,0.0,0.0
Sudeste,SP,2020-03-17,12,164,1,1,21,-25.0,0.0,20.0,0.0,0.61,0.09
Sudeste,SP,2020-03-18,76,240,3,4,22,533.33,200.0,30.0,0.0,1.67,0.33
Sudeste,SP,2020-03-19,46,286,0,4,23,-39.47,-100.0,34.0,0.0,1.4,0.53
Sudeste,SP,2020-03-20,110,396,5,9,24,139.13,0.0,48.0,1.0,2.27,0.85
Sudeste,SP,2020-03-21,63,459,6,15,25,-42.73,20.0,56.0,2.0,3.27,1.32
Sudeste,SP,2020-03-22,172,631,7,22,26,173.02,16.67,70.0,3.0,3.49,1.82
Sudeste,SP,2020-03-23,114,745,8,30,27,-33.72,14.29,84.0,4.0,4.03,2.39
Sudeste,SP,2020-03-24,65,810,10,40,28,-42.98,25.0,92.0,5.0,4.94,3.01
Sudeste,SP,2020-03-25,52,862,8,48,29,-20.0,-20.0,88.0,6.0,5.57,3.57
Sudeste,SP,2020-03-26,190,1052,10,58,30,265.38,25.0,109.0,7.0,5.51,4.15
Sudeste,SP,2020-03-27,171,1223,10,68,31,-10.0,0.0,118.0,8.0,5.56,4.62
Sudeste,SP,2020-03-28,183,1406,16,84,32,7.02,60.0,135.0,9.0,5.97,5.01
Sudeste,SP,2020-03-29,45,1451,14,98,33,-75.41,-12.5,117.0,10.0,6.75,5.48
Sudeste,SP,2020-03-30,66,1517,15,113,34,46.67,7.14,110.0,11.0,7.45,5.96
Sudeste,SP,2020-03-31,822,2339,23,136,35,1145.45,53.33,218.0,13.0,5.81,6.09
Sudeste,SP,2020-04-01,642,2981,28,164,36,-21.9,21.74,302.0,16.0,5.5,6.08
Sudeste,SP,2020-04-02,525,3506,24,188,37,-18.22,-14.29,350.0,18.0,5.36,6.06
Sudeste,SP,2020-04-03,542,4048,31,219,38,3.24,29.17,403.0,21.0,5.41,6.04
Sudeste,SP,2020-04-04,418,4466,41,260,39,-22.88,32.26,437.0,25.0,5.82,6.01
Sudeste,SP,2020-04-05,154,4620,15,275,40,-63.16,-63.41,452.0,25.0,5.95,5.9
Sudeste,SP,2020-04-06,246,4866,29,304,41,59.74,93.33,478.0,27.0,6.25,5.73
Sudeste,SP,2020-04-07,816,5682,67,371,42,231.71,131.03,477.0,33.0,6.53,5.83
Sudeste,SP,2020-04-08,1026,6708,57,428,43,25.74,-14.93,532.0,37.0,6.38,5.96
Sudeste,SP,2020-04-09,772,7480,68,496,44,-24.76,19.3,567.0,44.0,6.63,6.14
Sudeste,SP,2020-04-10,736,8216,44,540,45,-4.66,-35.29,595.0,45.0,6.57,6.3
Sudeste,SP,2020-04-11,203,8419,20,560,46,-72.42,-54.55,564.0,42.0,6.65,6.42
Sudeste,SP,2020-04-12,336,8755,28,588,47,65.52,40.0,590.0,44.0,6.72,6.53
Sudeste,SP,2020-04-13,140,8895,20,608,48,-58.33,-28.57,575.0,43.0,6.84,6.62
Sudeste,SP,2020-04-14,476,9371,87,695,49,240.0,335.0,527.0,46.0,7.42,6.74
Sudeste,SP,2020-04-15,1672,11043,83,778,50,251.26,-4.6,619.0,50.0,7.05,6.84
Sudeste,SP,2020-04-16,525,11568,75,853,51,-68.6,-9.64,584.0,51.0,7.37,6.95
Sudeste,SP,2020-04-17,1273,12841,75,928,52,142.48,0.0,660.0,55.0,7.23,7.04
Sudeste,SP,2020-04-18,1053,13894,63,991,53,-17.28,-16.0,782.0,61.0,7.13,7.11
Sudeste,SP,2020-04-19,373,14267,24,1015,54,-64.58,-61.9,787.0,61.0,7.11,7.16
Sudeste,SP,2020-04-20,313,14580,22,1037,55,-16.09,-8.33,812.0,61.0,7.11,7.2
Sudeste,SP,2020-04-21,805,15385,56,1093,56,157.19,154.55,859.0,56.0,7.1,7.16
Sudeste,SP,2020-04-22,529,15914,41,1134,57,-34.29,-26.79,695.0,50.0,7.13,7.17
Sudeste,SP,2020-04-23,826,16740,211,1345,58,56.14,414.63,738.0,70.0,8.03,7.26
Sudeste,SP,2020-04-24,1086,17826,167,1512,59,31.48,-20.85,712.0,83.0,8.48,7.44
Sudeste,SP,2020-04-25,2178,20004,155,1667,60,100.55,-7.19,872.0,96.0,8.33,7.61
Sudeste,SP,2020-04-26,711,20715,33,1700,61,-67.36,-78.71,921.0,97.0,8.21,7.77
Sudeste,SP,2020-04-27,981,21696,125,1825,62,37.97,278.79,1016.0,112.0,8.41,7.96
Sudeste,SP,2020-04-28,2345,24041,224,2049,63,139.04,79.2,1236.0,136.0,8.52,8.16
Sudeste,SP,2020-04-29,2117,26158,198,2247,64,-9.72,-11.61,1463.0,159.0,8.59,8.37
Sudeste,SP,2020-04-30,2540,28698,128,2375,65,19.98,-35.35,1708.0,147.0,8.28,8.4
Sudeste,SP,2020-05-01,1676,30374,136,2511,66,-34.02,6.25,1792.0,142.0,8.27,8.37
Sudeste,SP,2020-05-02,800,31174,75,2586,67,-52.27,-44.85,1595.0,131.0,8.3,8.37
Sul,PR,2020-03-12,6,6,0,0,1,0.0,0.0,0.0,0.0,0.0,0.0
Sul,PR,2020-03-13,0,6,0,0,2,0.0,0.0,0.0,0.0,0.0,0.0
Sul,PR,2020-03-14,0,6,0,0,3,0.0,0.0,0.0,0.0,0.0,0.0
Sul,PR,2020-03-15,0,6,0,0,4,0.0,0.0,0.0,0.0,0.0,0.0
Sul,PR,2020-03-16,0,6,0,0,5,0.0,0.0,0.0,0.0,0.0,0.0
Sul,PR,2020-03-17,0,6,0,0,6,0.0,0.0,0.0,0.0,0.0,0.0
Sul,PR,2020-03-18,7,13,0,0,7,0.0,0.0,1.0,0.0,0.0,0.0
Sul,PR,2020-03-19,10,23,0,0,8,42.86,0.0,2.0,0.0,0.0,0.0
Sul,PR,2020-03-20,9,32,0,0,9,-10.0,0.0,3.0,0.0,0.0,0.0
Sul,PR,2020-03-21,11,43,0,0,10,22.22,0.0,5.0,0.0,0.0,0.0
Sul,PR,2020-03-22,7,50,0,0,11,-36.36,0.0,6.0,0.0,0.0,0.0
Sul,PR,2020-03-23,6,56,0,0,12,-14.29,0.0,7.0,0.0,0.0,0.0
Sul,PR,2020-03-24,9,65,0,0,13,50.0,0.0,8.0,0.0,0.0,0.0
Sul,PR,2020-03-25,16,81,0,0,14,77.78,0.0,9.0,0.0,0.0,0.0
Sul,PR,2020-03-26,21,102,0,0,15,31.25,0.0,11.0,0.0,0.0,0.0
Sul,PR,2020-03-27,17,119,2,2,16,-19.05,0.0,12.0,0.0,1.68,0.24
Sul,PR,2020-03-28,14,133,0,2,17,-17.65,-100.0,12.0,0.0,1.5,0.45
Sul,PR,2020-03-29,15,148,0,2,18,7.14,0.0,14.0,0.0,1.35,0.65
Sul,PR,2020-03-30,7,155,1,3,19,-53.33,0.0,14.0,0.0,1.94,0.92
Sul,PR,2020-03-31,24,179,0,3,20,242.86,-100.0,16.0,0.0,1.68,1.16
Sul,PR,2020-04-01,45,224,0,3,21,87.5,0.0,20.0,0.0,1.34,1.36
Sul,PR,2020-04-02,28,252,1,4,22,-37.78,0.0,21.0,0.0,1.59,1.58
Sul,PR,2020-04-03,49,301,0,4,23,75.0,-100.0,26.0,0.0,1.33,1.53
Sul,PR,2020-04-04,94,395,2,6,24,91.84,0.0,37.0,0.0,1.52,1.54
Sul,PR,2020-04-05,43,438,3,9,25,-54.26,50.0,41.0,1.0,2.05,1.64
Sul,PR,2020-04-06,20,458,2,11,26,-53.49,-33.33,43.0,1.0,2.4,1.7
Sul,PR,2020-04-07,45,503,4,15,27,125.0,100.0,46.0,1.0,2.98,1.89
Sul,PR,2020-04-08,36,539,2,17,28,-20.0,-50.0,45.0,2.0,3.15,2.15
Sul,PR,2020-04-09,70,609,5,22,29,94.44,150.0,51.0,2.0,3.61,2.43
Sul,PR,2020-04-10,34,643,3,25,30,-51.43,-40.0,48.0,3.0,3.89,2.8
Sul,PR,2020-04-11,33,676,1,26,31,-2.94,-66.67,40.0,2.0,3.85,3.13
Sul,PR,2020-04-12,62,738,4,30,32,87.88,300.0,42.0,3.0,4.07,3.42
Sul,PR,2020-04-13,18,756,1,31,33,-70.97,-75.0,42.0,2.0,4.1,3.66
Sul,PR,2020-04-14,35,791,5,36,34,94.44,400.0,41.0,3.0,4.55,3.89
Sul,PR,2020-04-15,12,803,2,38,35,-65.71,-60.0,37.0,3.0,4.73,4.11
Sul,PR,2020-04-16,29,832,3,41,36,141.67,50.0,31.0,2.0,4.93,4.3
Sul,PR,2020-04-17,42,874,1,42,37,44.83,-66.67,33.0,2.0,4.81,4.43
Sul,PR,2020-04-18,71,945,4,46,38,69.05,300.0,38.0,2.0,4.87,4.58
Sul,PR,2020-04-19,42,987,2,48,39,-40.85,-50.0,35.0,2.0,4.86,4.69
Sul,PR,2020-04-20,20,1007,3,51,40,-52.38,50.0,35.0,2.0,5.06,4.83
Sul,PR,2020-04-21,17,1024,0,51,41,-15.0,-100.0,33.0,2.0,4.98,4.89
Sul,PR,2020-04-22,39,1063,6,57,42,129.41,0.0,37.0,2.0,5.36,4.98
Sul,PR,2020-04-23,19,1082,3,60,43,-51.28,-50.0,35.0,2.0,5.55,5.07
Sul,PR,2020-04-24,37,1119,4,64,44,94.74,33.33,35.0,3.0,5.72,5.2
Sul,PR,2020-04-25,21,1140,5,69,45,-43.24,25.0,27.0,3.0,6.05,5.37
Sul,PR,2020-04-26,16,1156,3,72,46,-23.81,-40.0,24.0,3.0,6.23,5.56
Sul,PR,2020-04-27,30,1186,3,75,47,87.5,0.0,25.0,3.0,6.32,5.74
Sul,PR,2020-04-28,85,1271,2,77,48,183.33,-33.33,35.0,3.0,6.06,5.9
Sul,PR,2020-04-29,77,1348,5,82,49,-9.41,150.0,40.0,3.0,6.08,6.0
Sul,PR,2020-04-30,59,1407,1,83,50,-23.38,-80.0,46.0,3.0,5.9,6.05
Sul,PR,2020-05-01,40,1447,6,89,51,-32.2,500.0,46.0,3.0,6.15,6.11
Sul,PR,2020-05-02,45,1492,1,90,52,12.5,-83.33,50.0,3.0,6.03,6.11
Sul,SC,2020-03-13,2,2,0,0,1,0.0,0.0,0.0,0.0,0.0,0.0
Sul,SC,2020-03-14,2,4,0,0,2,0.0,0.0,0.0,0.0,0.0,0.0
Sul,SC,2020-03-15,2,6,0,0,3,0.0,0.0,0.0,0.0,0.0,0.0
Sul,SC,2020-03-16,1,7,0,0,4,-50.0,0.0,0.0,0.0,0.0,0.0
Sul,SC,2020-03-17,0,7,0,0,5,-100.0,0.0,0.0,0.0,0.0,0.0
Sul,SC,2020-03-18,3,10,0,0,6,0.0,0.0,0.0,0.0,0.0,0.0
Sul,SC,2020-03-19,10,20,0,0,7,233.33,0.0,2.0,0.0,0.0,0.0
Sul,SC,2020-03-20,1,21,0,0,8,-90.0,0.0,2.0,0.0,0.0,0.0
Sul,SC,2020-03-21,30,51,0,0,9,2900.0,0.0,6.0,0.0,0.0,0.0
Sul,SC,2020-03-22,6,57,0,0,10,-80.0,0.0,7.0,0.0,0.0,0.0
Sul,SC,2020-03-23,11,68,0,0,11,83.33,0.0,8.0,0.0,0.0,0.0
Sul,SC,2020-03-24,39,107,0,0,12,254.55,0.0,14.0,0.0,0.0,0.0
Sul,SC,2020-03-25,2,109,0,0,13,-94.87,0.0,14.0,0.0,0.0,0.0
Sul,SC,2020-03-26,13,122,1,1,14,550.0,0.0,14.0,0.0,0.82,0.12
Sul,SC,2020-03-27,27,149,0,1,15,107.69,-100.0,18.0,0.0,0.67,0.21
Sul,SC,2020-03-28,35,184,0,1,16,29.63,0.0,19.0,0.0,0.54,0.29
Sul,SC,2020-03-29,10,194,0,1,17,-71.43,0.0,19.0,0.0,0.52,0.36
Sul,SC,2020-03-30,3,197,0,1,18,-70.0,0.0,18.0,0.0,0.51,0.44
Sul,SC,2020-03-31,22,219,1,2,19,633.33,0.0,16.0,0.0,0.91,0.57
Sul,SC,2020-04-01,16,235,0,2,20,-27.27,-100.0,18.0,0.0,0.85,0.69
Sul,SC,2020-04-02,12,247,0,2,21,-25.0,0.0,17.0,0.0,0.81,0.69
Sul,SC,2020-04-03,34,281,3,5,22,183.33,0.0,18.0,0.0,1.78,0.85
Sul,SC,2020-04-04,53,334,0,5,23,55.88,-100.0,21.0,0.0,1.5,0.98
Sul,SC,2020-04-05,23,357,5,10,24,-56.6,0.0,23.0,1.0,2.8,1.31
Sul,SC,2020-04-06,22,379,0,10,25,-4.35,-100.0,26.0,1.0,2.64,1.61
Sul,SC,2020-04-07,38,417,1,11,26,72.73,0.0,28.0,1.0,2.64,1.86
Sul,SC,2020-04-08,40,457,4,15,27,5.26,300.0,31.0,1.0,3.28,2.21
Sul,SC,2020-04-09,44,501,2,17,28,10.0,-50.0,36.0,2.0,3.39,2.58
Sul,SC,2020-04-10,192,693,1,18,29,336.36,-50.0,58.0,1.0,2.6,2.69
Sul,SC,2020-04-11,39,732,3,21,30,-79.69,200.0,56.0,2.0,2.87,2.89
Sul,SC,2020-04-12,36,768,3,24,31,-7.69,0.0,58.0,2.0,3.12,2.93
Sul,SC,2020-04-13,9,777,0,24,32,-75.0,-100.0,56.0,2.0,3.09,3.0
Sul,SC,2020-04-14,49,826,2,26,33,444.44,0.0,58.0,2.0,3.15,3.07
Sul,SC,2020-04-15,27,853,2,28,34,-44.9,0.0,56.0,1.0,3.28,3.07
Sul,SC,2020-04-16,31,884,1,29,35,14.81,-50.0,54.0,1.0,3.28,3.06
Sul,SC,2020-04-17,42,926,1,30,36,35.48,0.0,33.0,1.0,3.24,3.15
Sul,SC,2020-04-18,36,962,1,31,37,-14.29,0.0,32.0,1.0,3.22,3.2
Sul,SC,2020-04-19,13,975,1,32,38,-63.89,0.0,29.0,1.0,3.28,3.22
Sul,SC,2020-04-20,50,1025,3,35,39,284.62,200.0,35.0,1.0,3.41,3.27
Sul,SC,2020-04-21,38,1063,0,35,40,-24.0,-100.0,33.0,1.0,3.29,3.29
Sul,SC,2020-04-22,28,1091,2,37,41,-26.32,0.0,34.0,1.0,3.39,3.3
Sul,SC,2020-04-23,24,1115,2,39,42,-14.29,0.0,33.0,1.0,3.5,3.33
Sul,SC,2020-04-24,55,1170,3,42,43,129.17,50.0,34.0,1.0,3.59,3.38
Sul,SC,2020-04-25,39,1209,0,42,44,-29.09,-100.0,35.0,1.0,3.47,3.42
Sul,SC,2020-04-26,26,1235,0,42,45,-33.33,0.0,37.0,1.0,3.4,3.44
Sul,SC,2020-04-27,102,1337,1,43,46,292.31,0.0,44.0,1.0,3.22,3.41
Sul,SC,2020-04-28,139,1476,1,44,47,36.27,0.0,59.0,1.0,2.98,3.36
Sul,SC,2020-04-29,519,1995,0,44,48,273.38,-100.0,129.0,1.0,2.21,3.2
Sul,SC,2020-04-30,90,2085,2,46,49,-82.66,0.0,138.0,1.0,2.21,3.01
Sul,SC,2020-05-01,309,2394,2,48,50,243.33,0.0,174.0,0.0,2.01,2.79
Sul,SC,2020-05-02,-48,2346,4,52,51,-115.53,100.0,162.0,1.0,2.22,2.61
Sul,RS,2020-03-10,1,1,0,0,1,0.0,0.0,0.0,0.0,0.0,0.0
Sul,RS,2020-03-11,1,2,0,0,2,0.0,0.0,0.0,0.0,0.0,0.0
Sul,RS,2020-03-12,2,4,0,0,3,100.0,0.0,0.0,0.0,0.0,0.0
Sul,RS,2020-03-13,0,4,0,0,4,-100.0,0.0,0.0,0.0,0.0,0.0
Sul,RS,2020-03-14,2,6,0,0,5,0.0,0.0,0.0,0.0,0.0,0.0
Sul,RS,2020-03-15,0,6,0,0,6,-100.0,0.0,0.0,0.0,0.0,0.0
Sul,RS,2020-03-16,0,6,0,0,7,0.0,0.0,0.0,0.0,0.0,0.0
Sul,RS,2020-03-17,4,10,0,0,8,0.0,0.0,1.0,0.0,0.0,0.0
Sul,RS,2020-03-18,9,19,0,0,9,125.0,0.0,2.0,0.0,0.0,0.0
Sul,RS,2020-03-19,9,28,0,0,10,0.0,0.0,3.0,0.0,0.0,0.0
Sul,RS,2020-03-20,9,37,0,0,11,0.0,0.0,4.0,0.0,0.0,0.0
Sul,RS,2020-03-21,23,60,0,0,12,155.56,0.0,7.0,0.0,0.0,0.0
Sul,RS,2020-03-22,12,72,0,0,13,-47.83,0.0,9.0,0.0,0.0,0.0
Sul,RS,2020-03-23,14,86,0,0,14,16.67,0.0,11.0,0.0,0.0,0.0
Sul,RS,2020-03-24,12,98,0,0,15,-14.29,0.0,12.0,0.0,0.0,0.0
Sul,RS,2020-03-25,25,123,1,1,16,108.33,0.0,14.0,0.0,0.81,0.12
Sul,RS,2020-03-26,45,168,0,1,17,80.0,-100.0,20.0,0.0,0.6,0.2
Sul,RS,2020-03-27,27,195,1,2,18,-40.0,0.0,22.0,0.0,1.03,0.35
Sul,RS,2020-03-28,2,197,0,2,19,-92.59,-100.0,19.0,0.0,1.02,0.49
Sul,RS,2020-03-29,29,226,0,2,20,1350.0,0.0,22.0,0.0,0.88,0.62
Sul,RS,2020-03-30,15,241,1,3,21,-48.28,0.0,22.0,0.0,1.24,0.8
Sul,RS,2020-03-31,33,274,1,4,22,120.0,0.0,25.0,0.0,1.46,1.01
Sul,RS,2020-04-01,32,306,0,4,23,-3.03,-100.0,26.0,0.0,1.31,1.08
Sul,RS,2020-04-02,28,334,1,5,24,-12.5,0.0,23.0,0.0,1.5,1.21
Sul,RS,2020-04-03,62,396,0,5,25,121.43,-100.0,28.0,0.0,1.26,1.24
Sul,RS,2020-04-04,14,410,1,6,26,-77.42,0.0,30.0,0.0,1.46,1.3
Sul,RS,2020-04-05,8,418,1,7,27,-42.86,0.0,27.0,0.0,1.67,1.41
Sul,RS,2020-04-06,63,481,0,7,28,687.5,-100.0,34.0,0.0,1.46,1.45
Sul,RS,2020-04-07,27,508,1,8,29,-57.14,0.0,33.0,0.0,1.57,1.46
Sul,RS,2020-04-08,47,555,1,9,30,74.07,0.0,35.0,0.0,1.62,1.51
Sul,RS,2020-04-09,63,618,3,12,31,34.04,200.0,40.0,1.0,1.94,1.57
Sul,RS,2020-04-10,18,636,2,14,32,-71.43,-33.33,34.0,1.0,2.2,1.7
Sul,RS,2020-04-11,4,640,1,15,33,-77.78,-50.0,32.0,1.0,2.34,1.83
Sul,RS,2020-04-12,13,653,1,16,34,225.0,0.0,33.0,1.0,2.45,1.94
Sul,RS,2020-04-13,11,664,0,16,35,-15.38,-100.0,26.0,1.0,2.41,2.08
Sul,RS,2020-04-14,36,700,2,18,36,227.27,0.0,27.0,1.0,2.57,2.22
Sul,RS,2020-04-15,47,747,1,19,37,30.56,-50.0,27.0,1.0,2.54,2.35
Sul,RS,2020-04-16,33,780,0,19,38,-29.79,-100.0,23.0,1.0,2.44,2.42
Sul,RS,2020-04-17,22,802,3,22,39,-33.33,0.0,23.0,1.0,2.74,2.5
Sul,RS,2020-04-18,29,831,2,24,40,31.82,-33.33,27.0,1.0,2.89,2.58
Sul,RS,2020-04-19,23,854,0,24,41,-20.69,-100.0,28.0,1.0,2.81,2.63
Sul,RS,2020-04-20,35,889,3,27,42,52.17,0.0,32.0,1.0,3.04,2.72
Sul,RS,2020-04-21,15,904,0,27,43,-57.14,-100.0,29.0,1.0,2.99,2.78
Sul,RS,2020-04-22,19,923,0,27,44,26.67,0.0,25.0,1.0,2.93,2.83
Sul,RS,2020-04-23,71,994,2,29,45,273.68,0.0,30.0,1.0,2.92,2.9
Sul,RS,2020-04-24,67,1061,2,31,46,-5.63,0.0,37.0,1.0,2.92,2.93
Sul,RS,2020-04-25,35,1096,3,34,47,-47.76,50.0,37.0,1.0,3.1,2.96
Sul,RS,2020-04-26,70,1166,1,35,48,100.0,-66.67,44.0,1.0,3.0,2.99
Sul,RS,2020-04-27,62,1228,7,42,49,-11.43,600.0,48.0,2.0,3.42,3.04
Sul,RS,2020-04-28,58,1286,3,45,50,-6.45,-57.14,54.0,2.0,3.5,3.11
Sul,RS,2020-04-29,82,1368,5,50,51,41.38,66.67,63.0,3.0,3.65,3.22
Sul,RS,2020-04-30,98,1466,1,51,52,19.51,-80.0,67.0,3.0,3.48,3.3
Sul,RS,2020-05-01,63,1529,7,58,53,-35.71,600.0,66.0,3.0,3.79,3.42
Sul,RS,2020-05-02,90,1619,4,62,54,42.86,-42.86,74.0,4.0,3.83,3.52
Centro-Oeste,MS,2020-03-16,2,2,0,0,1,0.0,0.0,0.0,0.0,0.0,0.0
Centro-Oeste,MS,2020-03-17,2,4,0,0,2,0.0,0.0,0.0,0.0,0.0,0.0
Centro-Oeste,MS,2020-03-18,3,7,0,0,3,50.0,0.0,0.0,0.0,0.0,0.0
Centro-Oeste,MS,2020-03-19,0,7,0,0,4,-100.0,0.0,0.0,0.0,0.0,0.0
Centro-Oeste,MS,2020-03-20,2,9,0,0,5,0.0,0.0,0.0,0.0,0.0,0.0
Centro-Oeste,MS,2020-03-21,7,16,0,0,6,250.0,0.0,0.0,0.0,0.0,0.0
Centro-Oeste,MS,2020-03-22,5,21,0,0,7,-28.57,0.0,3.0,0.0,0.0,0.0
Centro-Oeste,MS,2020-03-23,0,21,0,0,8,-100.0,0.0,2.0,0.0,0.0,0.0
Centro-Oeste,MS,2020-03-24,2,23,0,0,9,0.0,0.0,2.0,0.0,0.0,0.0
Centro-Oeste,MS,2020-03-25,1,24,0,0,10,-50.0,0.0,2.0,0.0,0.0,0.0
Centro-Oeste,MS,2020-03-26,1,25,0,0,11,0.0,0.0,2.0,0.0,0.0,0.0
Centro-Oeste,MS,2020-03-27,3,28,0,0,12,200.0,0.0,2.0,0.0,0.0,0.0
Centro-Oeste,MS,2020-03-28,3,31,0,0,13,0.0,0.0,2.0,0.0,0.0,0.0
Centro-Oeste,MS,2020-03-29,5,36,0,0,14,66.67,0.0,2.0,0.0,0.0,0.0
Centro-Oeste,MS,2020-03-30,8,44,0,0,15,60.0,0.0,3.0,0.0,0.0,0.0
Centro-Oeste,MS,2020-03-31,4,48,1,1,16,-50.0,0.0,3.0,0.0,2.08,0.3
Centro-Oeste,MS,2020-04-01,3,51,0,1,17,-25.0,-100.0,3.0,0.0,1.96,0.58
Centro-Oeste,MS,2020-04-02,2,53,0,1,18,-33.33,0.0,4.0,0.0,1.89,0.85
Centro-Oeste,MS,2020-04-03,7,60,0,1,19,250.0,0.0,4.0,0.0,1.67,1.09
Centro-Oeste,MS,2020-04-04,2,62,0,1,20,-71.43,0.0,4.0,0.0,1.61,1.32
Centro-Oeste,MS,2020-04-05,3,65,0,1,21,50.0,0.0,4.0,0.0,1.54,1.54
Centro-Oeste,MS,2020-04-06,1,66,0,1,22,-66.67,0.0,3.0,0.0,1.52,1.75
Centro-Oeste,MS,2020-04-07,14,80,1,2,23,1300.0,0.0,4.0,0.0,2.5,1.81
Centro-Oeste,MS,2020-04-08,5,85,0,2,24,-64.29,-100.0,4.0,0.0,2.35,1.87
Centro-Oeste,MS,2020-04-09,4,89,0,2,25,-20.0,0.0,5.0,0.0,2.25,1.92
Centro-Oeste,MS,2020-04-10,8,97,0,2,26,100.0,0.0,5.0,0.0,2.06,1.98
Centro-Oeste,MS,2020-04-11,3,100,0,2,27,-62.5,0.0,5.0,0.0,2.0,2.03
Centro-Oeste,MS,2020-04-12,1,101,0,2,28,-66.67,0.0,5.0,0.0,1.98,2.09
Centro-Oeste,MS,2020-04-13,12,113,2,4,29,1100.0,0.0,6.0,0.0,3.54,2.38
Centro-Oeste,MS,2020-04-14,2,115,0,4,30,-83.33,-100.0,5.0,0.0,3.48,2.52
Centro-Oeste,MS,2020-04-15,6,121,0,4,31,200.0,0.0,5.0,0.0,3.31,2.66
Centro-Oeste,MS,2020-04-16,10,131,1,5,32,66.67,0.0,6.0,0.0,3.82,2.88
Centro-Oeste,MS,2020-04-17,12,143,0,5,33,20.0,-100.0,6.0,0.0,3.5,3.09
Centro-Oeste,MS,2020-04-18,18,161,0,5,34,50.0,0.0,8.0,0.0,3.11,3.25
Centro-Oeste,MS,2020-04-19,7,168,0,5,35,-61.11,0.0,9.0,0.0,2.98,3.39
Centro-Oeste,MS,2020-04-20,3,171,0,5,36,-57.14,0.0,8.0,0.0,2.92,3.3
Centro-Oeste,MS,2020-04-21,2,173,1,6,37,-33.33,0.0,8.0,0.0,3.47,3.3
Centro-Oeste,MS,2020-04-22,2,175,0,6,38,0.0,-100.0,7.0,0.0,3.43,3.32
Centro-Oeste,MS,2020-04-23,11,186,1,7,39,450.0,0.0,7.0,0.0,3.76,3.31
Centro-Oeste,MS,2020-04-24,27,213,0,7,40,145.45,-100.0,10.0,0.0,3.29,3.28
Centro-Oeste,MS,2020-04-25,4,217,0,7,41,-85.19,0.0,8.0,0.0,3.23,3.3
Centro-Oeste,MS,2020-04-26,17,234,0,7,42,325.0,0.0,9.0,0.0,2.99,3.3
Centro-Oeste,MS,2020-04-27,4,238,2,9,43,-76.47,0.0,9.0,0.0,3.78,3.42
Centro-Oeste,MS,2020-04-28,2,240,0,9,44,-50.0,-100.0,9.0,0.0,3.75,3.46
Centro-Oeste,MS,2020-04-29,9,249,0,9,45,350.0,0.0,10.0,0.0,3.61,3.49
Centro-Oeste,MS,2020-04-30,6,255,0,9,46,-33.33,0.0,9.0,0.0,3.53,3.45
Centro-Oeste,MS,2020-05-01,6,261,0,9,47,0.0,0.0,6.0,0.0,3.45,3.48
Centro-Oeste,MS,2020-05-02,5,266,0,9,48,-16.67,0.0,7.0,0.0,3.38,3.5
Centro-Oeste,MT,2020-03-20,1,1,0,0,1,0.0,0.0,0.0,0.0,0.0,0.0
Centro-Oeste,MT,2020-03-21,1,2,0,0,2,0.0,0.0,0.0,0.0,0.0,0.0
Centro-Oeste,MT,2020-03-22,0,2,0,0,3,-100.0,0.0,0.0,0.0,0.0,0.0
Centro-Oeste,MT,2020-03-23,0,2,0,0,4,0.0,0.0,0.0,0.0,0.0,0.0
Centro-Oeste,MT,2020-03-24,5,7,0,0,5,0.0,0.0,0.0,0.0,0.0,0.0
Centro-Oeste,MT,2020-03-25,1,8,0,0,6,-80.0,0.0,0.0,0.0,0.0,0.0
Centro-Oeste,MT,2020-03-26,3,11,0,0,7,200.0,0.0,1.0,0.0,0.0,0.0
Centro-Oeste,MT,2020-03-27,0,11,0,0,8,-100.0,0.0,1.0,0.0,0.0,0.0
Centro-Oeste,MT,2020-03-28,2,13,0,0,9,0.0,0.0,1.0,0.0,0.0,0.0
Centro-Oeste,MT,2020-03-29,3,16,0,0,10,50.0,0.0,2.0,0.0,0.0,0.0
Centro-Oeste,MT,2020-03-30,2,18,0,0,11,-33.33,0.0,2.0,0.0,0.0,0.0
Centro-Oeste,MT,2020-03-31,7,25,0,0,12,250.0,0.0,2.0,0.0,0.0,0.0
Centro-Oeste,MT,2020-04-01,2,27,0,0,13,-71.43,0.0,2.0,0.0,0.0,0.0
Centro-Oeste,MT,2020-04-02,9,36,0,0,14,350.0,0.0,3.0,0.0,0.0,0.0
Centro-Oeste,MT,2020-04-03,8,44,1,1,15,-11.11,0.0,4.0,0.0,2.27,0.32
Centro-Oeste,MT,2020-04-04,12,56,0,1,16,50.0,-100.0,6.0,0.0,1.79,0.58
Centro-Oeste,MT,2020-04-05,4,60,0,1,17,-66.67,0.0,6.0,0.0,1.67,0.82
Centro-Oeste,MT,2020-04-06,16,76,0,1,18,300.0,0.0,8.0,0.0,1.32,1.01
Centro-Oeste,MT,2020-04-07,2,78,0,1,19,-87.5,0.0,7.0,0.0,1.28,1.19
Centro-Oeste,MT,2020-04-08,12,90,0,1,20,500.0,0.0,9.0,0.0,1.11,1.35
Centro-Oeste,MT,2020-04-09,18,108,1,2,21,50.0,0.0,10.0,0.0,1.85,1.61
Centro-Oeste,MT,2020-04-10,4,112,0,2,22,-77.78,-100.0,9.0,0.0,1.79,1.54
Centro-Oeste,MT,2020-04-11,9,121,1,3,23,125.0,0.0,9.0,0.0,2.48,1.64
Centro-Oeste,MT,2020-04-12,2,123,0,3,24,-77.78,-100.0,9.0,0.0,2.44,1.75
Centro-Oeste,MT,2020-04-13,11,134,1,4,25,450.0,0.0,8.0,0.0,2.99,1.99
Centro-Oeste,MT,2020-04-14,4,138,0,4,26,-63.64,-100.0,8.0,0.0,2.9,2.22
Centro-Oeste,MT,2020-04-15,13,151,0,4,27,225.0,0.0,8.0,0.0,2.65,2.44
Centro-Oeste,MT,2020-04-16,5,156,1,5,28,-61.54,0.0,6.0,0.0,3.21,2.64
Centro-Oeste,MT,2020-04-17,6,162,0,5,29,20.0,-100.0,7.0,0.0,3.09,2.82
Centro-Oeste,MT,2020-04-18,9,171,0,5,30,50.0,0.0,7.0,0.0,2.92,2.89
Centro-Oeste,MT,2020-04-19,3,174,0,5,31,-66.67,0.0,7.0,0.0,2.87,2.95
Centro-Oeste,MT,2020-04-20,7,181,1,6,32,133.33,0.0,6.0,0.0,3.31,2.99
Centro-Oeste,MT,2020-04-21,0,181,0,6,33,-100.0,-100.0,6.0,0.0,3.31,3.05
Centro-Oeste,MT,2020-04-22,2,183,0,6,34,0.0,0.0,4.0,0.0,3.28,3.14
Centro-Oeste,MT,2020-04-23,38,221,1,7,35,1800.0,0.0,9.0,0.0,3.17,3.14
Centro-Oeste,MT,2020-04-24,19,240,1,8,36,-50.0,0.0,11.0,0.0,3.33,3.17
Centro-Oeste,MT,2020-04-25,7,247,1,9,37,-63.16,0.0,10.0,0.0,3.64,3.27
Centro-Oeste,MT,2020-04-26,3,250,0,9,38,-57.14,-100.0,10.0,0.0,3.6,3.38
Centro-Oeste,MT,2020-04-27,7,257,1,10,39,133.33,0.0,10.0,0.0,3.89,3.46
Centro-Oeste,MT,2020-04-28,4,261,1,11,40,-42.86,0.0,11.0,0.0,4.21,3.59
Centro-Oeste,MT,2020-04-29,31,292,0,11,41,675.0,-100.0,15.0,0.0,3.77,3.66
Centro-Oeste,MT,2020-04-30,5,297,0,11,42,-83.87,0.0,10.0,0.0,3.7,3.73
Centro-Oeste,MT,2020-05-01,23,320,0,11,43,360.0,0.0,11.0,0.0,3.44,3.75
Centro-Oeste,MT,2020-05-02,11,331,1,12,44,-52.17,0.0,12.0,0.0,3.63,3.75
Centro-Oeste,GO,2020-03-13,3,3,0,0,1,0.0,0.0,0.0,0.0,0.0,0.0
Centro-Oeste,GO,2020-03-14,0,3,0,0,2,0.0,0.0,0.0,0.0,0.0,0.0
Centro-Oeste,GO,2020-03-15,0,3,0,0,3,0.0,0.0,0.0,0.0,0.0,0.0
Centro-Oeste,GO,2020-03-16,0,3,0,0,4,0.0,0.0,0.0,0.0,0.0,0.0
Centro-Oeste,GO,2020-03-17,3,6,0,0,5,0.0,0.0,0.0,0.0,0.0,0.0
Centro-Oeste,GO,2020-03-18,2,8,0,0,6,-33.33,0.0,0.0,0.0,0.0,0.0
Centro-Oeste,GO,2020-03-19,4,12,0,0,7,100.0,0.0,1.0,0.0,0.0,0.0
Centro-Oeste,GO,2020-03-20,3,15,0,0,8,-25.0,0.0,1.0,0.0,0.0,0.0
Centro-Oeste,GO,2020-03-21,5,20,0,0,9,66.67,0.0,2.0,0.0,0.0,0.0
Centro-Oeste,GO,2020-03-22,1,21,0,0,10,-80.0,0.0,2.0,0.0,0.0,0.0
Centro-Oeste,GO,2020-03-23,2,23,0,0,11,100.0,0.0,2.0,0.0,0.0,0.0
Centro-Oeste,GO,2020-03-24,4,27,0,0,12,100.0,0.0,3.0,0.0,0.0,0.0
Centro-Oeste,GO,2020-03-25,2,29,0,0,13,-50.0,0.0,3.0,0.0,0.0,0.0
Centro-Oeste,GO,2020-03-26,10,39,1,1,14,400.0,0.0,3.0,0.0,2.56,0.37
Centro-Oeste,GO,2020-03-27,10,49,0,1,15,0.0,-100.0,4.0,0.0,2.04,0.66
Centro-Oeste,GO,2020-03-28,7,56,0,1,16,-30.0,0.0,5.0,0.0,1.79,0.91
Centro-Oeste,GO,2020-03-29,2,58,0,1,17,-71.43,0.0,5.0,0.0,1.72,1.16
Centro-Oeste,GO,2020-03-30,3,61,0,1,18,50.0,0.0,5.0,0.0,1.64,1.39
Centro-Oeste,GO,2020-03-31,4,65,0,1,19,33.33,0.0,5.0,0.0,1.54,1.61
Centro-Oeste,GO,2020-04-01,6,71,0,1,20,50.0,0.0,6.0,0.0,1.41,1.81
Centro-Oeste,GO,2020-04-02,2,73,0,1,21,-66.67,0.0,4.0,0.0,1.37,1.64
Centro-Oeste,GO,2020-04-03,15,88,1,2,22,650.0,0.0,5.0,0.0,2.27,1.68
Centro-Oeste,GO,2020-04-04,15,103,0,2,23,0.0,-100.0,6.0,0.0,1.94,1.7
Centro-Oeste,GO,2020-04-05,12,115,1,3,24,-20.0,0.0,8.0,0.0,2.61,1.83
Centro-Oeste,GO,2020-04-06,4,119,2,5,25,-66.67,100.0,8.0,0.0,4.2,2.19
Centro-Oeste,GO,2020-04-07,14,133,0,5,26,250.0,-100.0,9.0,0.0,3.76,2.51
Centro-Oeste,GO,2020-04-08,25,158,2,7,27,78.57,0.0,12.0,0.0,4.43,2.94
Centro-Oeste,GO,2020-04-09,21,179,0,7,28,-16.0,-100.0,15.0,0.0,3.91,3.3
Centro-Oeste,GO,2020-04-10,12,191,1,8,29,-42.86,0.0,14.0,0.0,4.19,3.58
Centro-Oeste,GO,2020-04-11,18,209,2,10,30,50.0,100.0,15.0,1.0,4.78,3.98
Centro-Oeste,GO,2020-04-12,20,229,4,14,31,11.11,100.0,16.0,1.0,6.11,4.48
Centro-Oeste,GO,2020-04-13,4,233,1,15,32,-80.0,-75.0,16.0,1.0,6.44,4.8
Centro-Oeste,GO,2020-04-14,51,284,0,15,33,1175.0,-100.0,21.0,1.0,5.28,5.02
Centro-Oeste,GO,2020-04-15,20,304,0,15,34,-60.78,0.0,20.0,1.0,4.93,5.09
Centro-Oeste,GO,2020-04-16,14,318,1,16,35,-30.0,0.0,19.0,1.0,5.03,5.25
Centro-Oeste,GO,2020-04-17,17,335,0,16,36,21.43,-100.0,20.0,1.0,4.78,5.34
Centro-Oeste,GO,2020-04-18,43,378,2,18,37,152.94,0.0,24.0,1.0,4.76,5.33
Centro-Oeste,GO,2020-04-19,15,393,0,18,38,-65.12,-100.0,23.0,0.0,4.58,5.11
Centro-Oeste,GO,2020-04-20,10,403,1,19,39,-33.33,0.0,24.0,0.0,4.71,4.87
Centro-Oeste,GO,2020-04-21,18,421,0,19,40,80.0,-100.0,19.0,0.0,4.51,4.76
Centro-Oeste,GO,2020-04-22,17,438,2,21,41,-5.56,0.0,19.0,0.0,4.79,4.74
Centro-Oeste,GO,2020-04-23,15,453,2,23,42,-11.76,0.0,19.0,1.0,5.08,4.74
Centro-Oeste,GO,2020-04-24,33,486,1,24,43,120.0,-50.0,21.0,1.0,4.94,4.77
Centro-Oeste,GO,2020-04-25,20,506,1,25,44,-39.39,0.0,18.0,1.0,4.94,4.79
Centro-Oeste,GO,2020-04-26,67,573,0,25,45,235.0,-100.0,25.0,1.0,4.36,4.76
Centro-Oeste,GO,2020-04-27,43,616,1,26,46,-35.82,0.0,30.0,1.0,4.22,4.69
Centro-Oeste,GO,2020-04-28,45,661,1,27,47,4.65,0.0,34.0,1.0,4.08,4.63
Centro-Oeste,GO,2020-04-29,44,705,0,27,48,-2.22,-100.0,38.0,0.0,3.83,4.49
Centro-Oeste,GO,2020-04-30,76,781,2,29,49,72.73,0.0,46.0,0.0,3.71,4.3
Centro-Oeste,GO,2020-05-01,27,808,0,29,50,-64.47,-100.0,46.0,0.0,3.59,4.1
Centro-Oeste,GO,2020-05-02,17,825,1,30,51,-37.04,0.0,45.0,0.0,3.64,3.92
Centro-Oeste,DF,2020-03-07,1,1,0,0,1,0.0,0.0,0.0,0.0,0.0,0.0
Centro-Oeste,DF,2020-03-08,0,1,0,0,2,0.0,0.0,0.0,0.0,0.0,0.0
Centro-Oeste,DF,2020-03-09,0,1,0,0,3,0.0,0.0,0.0,0.0,0.0,0.0
Centro-Oeste,DF,2020-03-10,0,1,0,0,4,0.0,0.0,0.0,0.0,0.0,0.0
Centro-Oeste,DF,2020-03-11,1,2,0,0,5,0.0,0.0,0.0,0.0,0.0,0.0
Centro-Oeste,DF,2020-03-12,0,2,0,0,6,-100.0,0.0,0.0,0.0,0.0,0.0
Centro-Oeste,DF,2020-03-13,0,2,0,0,7,0.0,0.0,0.0,0.0,0.0,0.0
Centro-Oeste,DF,2020-03-14,4,6,0,0,8,0.0,0.0,0.0,0.0,0.0,0.0
Centro-Oeste,DF,2020-03-15,2,8,0,0,9,-50.0,0.0,1.0,0.0,0.0,0.0
Centro-Oeste,DF,2020-03-16,5,13,0,0,10,150.0,0.0,1.0,0.0,0.0,0.0
Centro-Oeste,DF,2020-03-17,9,22,0,0,11,80.0,0.0,3.0,0.0,0.0,0.0
Centro-Oeste,DF,2020-03-18,4,26,0,0,12,-55.56,0.0,3.0,0.0,0.0,0.0
Centro-Oeste,DF,2020-03-19,16,42,0,0,13,300.0,0.0,5.0,0.0,0.0,0.0
Centro-Oeste,DF,2020-03-20,45,87,0,0,14,181.25,0.0,12.0,0.0,0.0,0.0
Centro-Oeste,DF,2020-03-21,13,100,0,0,15,-71.11,0.0,13.0,0.0,0.0,0.0
Centro-Oeste,DF,2020-03-22,17,117,0,0,16,30.77,0.0,15.0,0.0,0.0,0.0
Centro-Oeste,DF,2020-03-23,16,133,0,0,17,-5.88,0.0,17.0,0.0,0.0,0.0
Centro-Oeste,DF,2020-03-24,27,160,0,0,18,68.75,0.0,19.0,0.0,0.0,0.0
Centro-Oeste,DF,2020-03-25,0,160,0,0,19,-100.0,0.0,19.0,0.0,0.0,0.0
Centro-Oeste,DF,2020-03-26,40,200,0,0,20,0.0,0.0,22.0,0.0,0.0,0.0
Centro-Oeste,DF,2020-03-27,30,230,0,0,21,-25.0,0.0,20.0,0.0,0.0,0.0
Centro-Oeste,DF,2020-03-28,30,260,0,0,22,0.0,0.0,22.0,0.0,0.0,0.0
Centro-Oeste,DF,2020-03-29,29,289,1,1,23,-3.33,0.0,24.0,0.0,0.35,0.05
Centro-Oeste,DF,2020-03-30,23,312,0,1,24,-20.69,-100.0,25.0,0.0,0.32,0.1
Centro-Oeste,DF,2020-03-31,20,332,2,3,25,-13.04,0.0,24.0,0.0,0.9,0.22
Centro-Oeste,DF,2020-04-01,23,355,0,3,26,15.0,-100.0,27.0,0.0,0.85,0.35
Centro-Oeste,DF,2020-04-02,15,370,1,4,27,-34.78,0.0,24.0,0.0,1.08,0.5
Centro-Oeste,DF,2020-04-03,32,402,1,5,28,113.33,0.0,24.0,0.0,1.24,0.68
Centro-Oeste,DF,2020-04-04,52,454,2,7,29,62.5,100.0,27.0,1.0,1.54,0.9
Centro-Oeste,DF,2020-04-05,14,468,0,7,30,-73.08,-100.0,25.0,0.0,1.5,1.06
Centro-Oeste,DF,2020-04-06,5,473,3,10,31,-64.29,0.0,23.0,1.0,2.11,1.32
Centro-Oeste,DF,2020-04-07,19,492,2,12,32,280.0,-33.33,22.0,1.0,2.44,1.54
Centro-Oeste,DF,2020-04-08,17,509,0,12,33,-10.53,-100.0,22.0,1.0,2.36,1.75
Centro-Oeste,DF,2020-04-09,18,527,1,13,34,5.88,0.0,22.0,1.0,2.47,1.95
Centro-Oeste,DF,2020-04-10,28,555,1,14,35,55.56,0.0,21.0,1.0,2.52,2.13
Centro-Oeste,DF,2020-04-11,24,579,0,14,36,-14.29,-100.0,17.0,1.0,2.42,2.26
Centro-Oeste,DF,2020-04-12,35,614,0,14,37,45.83,0.0,20.0,1.0,2.28,2.37
Centro-Oeste,DF,2020-04-13,24,638,1,15,38,-31.43,0.0,23.0,0.0,2.35,2.41
Centro-Oeste,DF,2020-04-14,13,651,2,17,39,-45.83,100.0,22.0,0.0,2.61,2.43
Centro-Oeste,DF,2020-04-15,31,682,0,17,40,138.46,-100.0,24.0,0.0,2.49,2.45
Centro-Oeste,DF,2020-04-16,34,716,3,20,41,9.68,0.0,27.0,1.0,2.79,2.49
Centro-Oeste,DF,2020-04-17,30,746,0,20,42,-11.76,-100.0,27.0,0.0,2.68,2.52
Centro-Oeste,DF,2020-04-18,16,762,4,24,43,-46.67,0.0,26.0,1.0,3.15,2.62
Centro-Oeste,DF,2020-04-19,65,827,0,24,44,306.25,-100.0,30.0,1.0,2.9,2.71
Centro-Oeste,DF,2020-04-20,45,872,0,24,45,-30.77,0.0,33.0,1.0,2.75,2.77
Centro-Oeste,DF,2020-04-21,9,881,0,24,46,-80.0,0.0,32.0,1.0,2.72,2.78
Centro-Oeste,DF,2020-04-22,65,946,1,25,47,622.22,0.0,37.0,1.0,2.64,2.8
Centro-Oeste,DF,2020-04-23,17,963,0,25,48,-73.85,-100.0,35.0,0.0,2.6,2.78
Centro-Oeste,DF,2020-04-24,26,989,1,26,49,52.94,0.0,34.0,0.0,2.63,2.77
Centro-Oeste,DF,2020-04-25,24,1013,0,26,50,-7.69,-100.0,35.0,0.0,2.57,2.69
Centro-Oeste,DF,2020-04-26,53,1066,1,27,51,120.83,0.0,34.0,0.0,2.53,2.63
Centro-Oeste,DF,2020-04-27,80,1146,0,27,52,50.94,-100.0,39.0,0.0,2.36,2.58
Centro-Oeste,DF,2020-04-28,67,1213,1,28,53,-16.25,0.0,47.0,0.0,2.31,2.52
Centro-Oeste,DF,2020-04-29,62,1275,0,28,54,-7.46,-100.0,47.0,0.0,2.2,2.46
Centro-Oeste,DF,2020-04-30,81,1356,2,30,55,30.65,0.0,56.0,0.0,2.21,2.4
Centro-Oeste,DF,2020-05-01,110,1466,0,30,56,35.8,-100.0,68.0,0.0,2.05,2.32
Centro-Oeste,DF,2020-05-02,100,1566,1,31,57,-9.09,0.0,79.0,0.0,1.98,2.23
